"","PC1","PC2","class","kmeansCluster"
"Crimson_37bands_1",5.07201603746232,-2.57175025976954,"Crimson","3"
"Itum9_37bands_1",3.64756834823571,-3.18606934399905,"Itum9","3"
"Itum5_37bands_1",1.65476955458939,3.20927465714557,"Itum5","6"
"AutumRoyal_37bands_1",-0.679271022748756,-0.750261218099013,"AutumRoyal","2"
"Itum9_37bands_2",4.30200848778951,-3.54524319465018,"Itum9","3"
"Itum5_37bands_2",2.20051393611428,2.88371398827783,"Itum5","6"
"AutumRoyal_37bands_2",-1.42274492209982,-1.6511752183527,"AutumRoyal","2"
"Crimson_37bands_2",5.13909012297112,-2.81688920950104,"Crimson","3"
"Crimson_37bands_3",3.21571032795749,-7.05808181814911,"Crimson","3"
"Itum4_37bands_3",-1.75727844776275,-2.77587422229945,"Itum4","7"
"Itum5_37bands_3",1.73296357454578,2.08826277549567,"Itum5","6"
"Itum9_37bands_3",2.7907906061814,-3.9972030868176,"Itum9","3"
"AutumRoyal_37bands_3",-5.86499474813909,-2.18383329064227,"AutumRoyal","2"
"Crimson_37bands_4",3.09806251411386,-7.35155684488719,"Crimson","3"
"Itum9_37bands_4",3.70592283886355,-3.99240009126298,"Itum9","3"
"AutumRoyal_37bands_4",-5.9922723232676,-2.16126567938117,"AutumRoyal","2"
"Itum5_37bands_4",1.5064809260119,2.77818364145954,"Itum5","6"
"Crimson_37bands_5",3.00247321484773,-7.01580922862862,"Crimson","3"
"Itum9_37bands_5",2.90958713251391,-3.50113295775901,"Itum9","3"
"Itum5_37bands_5",1.88014553165549,2.23837505930952,"Itum5","6"
"AutumRoyal_37bands_5",-2.31764693753063,-0.965283868760593,"AutumRoyal","2"
"Crimson_37bands_6",3.54955711231104,-5.24930677825044,"Crimson","3"
"Itum4_37bands_6",-2.48066250555682,-2.56514251792987,"Itum4","7"
"Itum9_37bands_6",3.56909357366228,-3.40372373299155,"Itum9","3"
"Itum5_37bands_6",1.82935473811032,2.10826818548048,"Itum5","6"
"AutumRoyal_37bands_6",-2.00209629074197,-2.07555509292365,"AutumRoyal","2"
"Crimson_37bands_7",4.39011503272888,-4.01471635990216,"Crimson","3"
"Itum4_37bands_7",-1.03230342140625,-2.75364708205132,"Itum4","7"
"Itum9_37bands_7",2.90933355989303,-3.86931922863879,"Itum9","3"
"Itum5_37bands_7",1.31221708086931,1.84113819855097,"Itum5","6"
"AutumRoyal_37bands_7",-5.02608464175714,-1.62829694039594,"AutumRoyal","2"
"Crimson_37bands_8",4.50727093276896,-3.90040006836039,"Crimson","3"
"Itum4_37bands_8",-1.45693134658033,-2.79198576056069,"Itum4","7"
"Itum9_37bands_8",3.14376367712542,-2.95146219509272,"Itum9","3"
"Itum5_37bands_8",2.09805530814737,1.88761268027322,"Itum5","6"
"AutumRoyal_37bands_8",-5.03382097043993,-2.49210798674497,"AutumRoyal","2"
"Crimson_37bands_9",4.13191831317941,-4.41290931084433,"Crimson","3"
"Itum4_37bands_9",-1.44138392918043,-2.76976341417232,"Itum4","7"
"Itum5_37bands_9",1.44561199310717,1.17619128130416,"Itum5","6"
"AutumRoyal_37bands_9",-1.15348281703162,2.39229945988272,"AutumRoyal","2"
"Crimson_37bands_10",4.69380327049203,-3.93622487796448,"Crimson","3"
"Itum4_37bands_10",-1.52168978980459,-2.7880991616853,"Itum4","7"
"AutumRoyal_37bands_10",-1.87576127649352,0.511677579134051,"AutumRoyal","2"
"Itum9_37bands_10",3.25824224712009,-3.79131751731105,"Itum9","3"
"Itum5_37bands_10",2.46187418336016,1.70027649240898,"Itum5","6"
"Crimson_37bands_11",4.62959740076904,-4.10244889291205,"Crimson","3"
"Itum4_37bands_11",-2.44555655164071,-2.60326824036403,"Itum4","7"
"Itum9_37bands_11",5.38744292162635,-3.33391213994811,"Itum9","3"
"Itum5_37bands_11",1.33302775639768,0.327080830999543,"Itum5","6"
"AutumRoyal_37bands_11",-6.25311022626082,-3.15525350038293,"AutumRoyal","2"
"Crimson_37bands_12",4.33431054689031,-4.40730911434747,"Crimson","3"
"Itum4_37bands_12",-2.86047445022727,-2.31165545861542,"Itum4","7"
"Itum5_37bands_12",1.73532120684325,1.05143797210339,"Itum5","6"
"Itum9_37bands_12",6.57477688329111,-3.90652450612604,"Itum9","3"
"AutumRoyal_37bands_12",-5.36684795997694,-1.82259935417996,"AutumRoyal","2"
"Itum4_37bands_13",-2.29138084925378,-2.76452020798171,"Itum4","7"
"Itum9_37bands_13",1.39433195653342,-2.95547522969877,"Itum9","3"
"Itum5_37bands_13",2.38137064023673,2.38592966620268,"Itum5","6"
"AutumRoyal_37bands_13",-2.39813664056474,-1.02714918813222,"AutumRoyal","2"
"Crimson_37bands_13",2.99674298273385,-6.942194027805,"Crimson","3"
"Crimson_37bands_14",1.79175332458418,-6.57798641101083,"Crimson","3"
"Itum4_37bands_14",-1.85649778742755,-2.72913918418792,"Itum4","7"
"Itum9_37bands_14",1.49921944991652,-3.27639235612296,"Itum9","3"
"Itum5_37bands_14",2.91891540501761,2.85079795874069,"Itum5","6"
"AutumRoyal_37bands_14",-1.34184346725335,0.626730880962286,"AutumRoyal","2"
"Crimson_37bands_15",5.44670063188124,-2.13059911708996,"Crimson","3"
"Itum9_37bands_15",6.0855314239826,-3.64450438329447,"Itum9","3"
"Itum5_37bands_15",1.83458299815773,1.81560129271792,"Itum5","6"
"AutumRoyal_37bands_15",-6.94958713572443,-1.66213529581977,"AutumRoyal","2"
"Itum4_37bands_15",-1.90756669564642,-2.93126735172909,"Itum4","7"
"Itum9_37bands_16",6.74734781586627,-3.85539595428971,"Itum9","3"
"Itum5_37bands_16",1.6020404596138,1.65261684664745,"Itum5","6"
"AutumRoyal_37bands_16",-6.71069554736973,-1.55164397347955,"AutumRoyal","2"
"Crimson_37bands_16",5.34951349848638,-1.48313114394206,"Crimson","3"
"Itum4_37bands_17",-2.74468584598777,-3.10497415755528,"Itum4","7"
"Itum9_37bands_17",6.19604349925197,-4.14220738011311,"Itum9","3"
"Itum5_37bands_17",3.09738728388689,2.31325206947977,"Itum5","6"
"AutumRoyal_37bands_17",-5.04968820755454,-2.00077647362567,"AutumRoyal","2"
"Crimson_37bands_17",4.47435891248999,-4.73946288012088,"Crimson","3"
"Crimson_37bands_18",5.21347407310441,-4.55066386551469,"Crimson","3"
"Itum4_37bands_18",-2.92834177386905,-3.16427552521767,"Itum4","7"
"Itum9_37bands_18",5.89506360210102,-3.01050732804335,"Itum9","3"
"Itum5_37bands_18",2.87888533694186,1.59444165229021,"Itum5","6"
"AutumRoyal_37bands_18",-5.08519448196233,-2.43366490074068,"AutumRoyal","2"
"Crimson_37bands_19",3.42177401602244,-5.05081882877811,"Crimson","3"
"Itum4_37bands_19",-3.64921115050946,-2.60843503593883,"Itum4","7"
"Itum9_37bands_19",1.28980903188427,-2.72925047688992,"Itum9","3"
"Itum5_37bands_19",2.23907084178968,0.73299348850707,"Itum5","6"
"AutumRoyal_37bands_19",-3.79469806154578,-2.01653190291292,"AutumRoyal","2"
"Crimson_37bands_20",3.83461833105917,-5.26285710554577,"Crimson","3"
"Itum4_37bands_20",-3.46564123322181,-2.73108125067735,"Itum4","7"
"Itum9_37bands_20",1.77639847928711,-3.04610782499516,"Itum9","3"
"Itum5_37bands_20",2.61607243409385,1.10115161915218,"Itum5","6"
"AutumRoyal_37bands_20",-4.05226613224055,-2.13234269464435,"AutumRoyal","2"
"Crimson_37bands_21",3.98734241890187,-4.40183437938115,"Crimson","3"
"Itum9_37bands_21",5.39569369675034,-3.44446678459698,"Itum9","3"
"Itum5_37bands_21",2.08450638930852,0.466807121080574,"Itum5","6"
"AutumRoyal_37bands_21",-7.54143831355396,-1.77617975487986,"AutumRoyal","2"
"Crimson_37bands_22",4.31116909351925,-4.36159950044397,"Crimson","3"
"Itum4_37bands_22",-2.42334663460067,-2.98356511435276,"Itum4","7"
"Itum9_37bands_22",5.55836642022024,-4.27950688297037,"Itum9","3"
"Itum5_37bands_22",2.46542057567307,1.06715617401667,"Itum5","6"
"AutumRoyal_37bands_22",-7.03109984702581,-1.42131246896634,"AutumRoyal","2"
"Itum4_37bands_23",-1.28534195575558,-3.03876420700076,"Itum4","7"
"Itum9_37bands_23",4.16024948713677,-3.13121119472868,"Itum9","3"
"Crimson_37bands_23",4.69226363674954,-3.13432548630441,"Crimson","3"
"Itum5_37bands_23",2.35205804047571,0.822566267387928,"Itum5","6"
"AutumRoyal_37bands_23",-1.80290752400665,-0.240797267267012,"AutumRoyal","2"
"Crimson_37bands_24",4.46388324312141,-3.62659771964303,"Crimson","3"
"Itum4_37bands_24",-1.35872826669313,-2.71107497470165,"Itum4","7"
"Itum9_37bands_24",4.21835000652078,-3.50625812481132,"Itum9","3"
"Itum5_37bands_24",1.81530161590716,0.751646359259773,"Itum5","6"
"AutumRoyal_37bands_24",-1.7643757245408,0.173817781657324,"AutumRoyal","2"
"Crimson_37bands_25",3.9022644917554,-4.30231398298965,"Crimson","3"
"Itum4_37bands_25",-2.48588735136964,-2.82273897823074,"Itum4","7"
"Itum9_37bands_25",2.13217097530623,-3.75660031630442,"Itum9","3"
"Itum5_37bands_25",2.07218386093533,-0.230216150106005,"Itum5","6"
"AutumRoyal_37bands_25",-6.99101634896597,-3.04775358066737,"AutumRoyal","2"
"Crimson_37bands_26",4.06333274475934,-4.48318167342693,"Crimson","3"
"Itum4_37bands_26",-2.73438849952603,-3.0095241629397,"Itum4","7"
"Itum5_37bands_26",2.74180801036635,0.49545493572249,"Itum5","6"
"AutumRoyal_37bands_26",-6.85640915205449,-1.69526734573436,"AutumRoyal","2"
"Itum9_37bands_26",3.01162111742207,-3.89131778409934,"Itum9","3"
"Crimson_37bands_27",4.93939373502727,-3.58114026554255,"Crimson","3"
"Itum4_37bands_27",-1.18973249598102,-2.92286017493482,"Itum4","7"
"Itum9_37bands_27",0.662733995374552,-3.0941369372413,"Itum9","7"
"Itum5_37bands_27",2.44877623688023,1.82436908502837,"Itum5","6"
"AutumRoyal_37bands_27",-6.40257013634682,-1.93693762053168,"AutumRoyal","2"
"Itum9_37bands_28",0.299979971395041,-3.38326269402959,"Itum9","7"
"Itum5_37bands_28",2.97731298927094,1.75517608612197,"Itum5","6"
"AutumRoyal_37bands_28",-5.2288948742657,-2.66132554150579,"AutumRoyal","2"
"Crimson_37bands_28",5.24278295419872,-2.4659319564378,"Crimson","3"
"Crimson_37bands_29",4.95281155641648,-2.77664224782397,"Crimson","3"
"Itum4_37bands_29",-2.73181084031203,-2.57154954897048,"Itum4","7"
"Itum9_37bands_29",4.45950317952567,-2.83785982336708,"Itum9","3"
"Itum5_37bands_29",2.49787981224347,0.674934146016872,"Itum5","6"
"AutumRoyal_37bands_29",-5.39833593911264,-1.69702326121316,"AutumRoyal","2"
"Crimson_37bands_30",6.17093388636069,0.271653483115658,"Crimson","6"
"Itum9_37bands_30",3.54338759263135,-3.17858675840126,"Itum9","3"
"AutumRoyal_37bands_30",-4.30774169302964,-2.11035021662255,"AutumRoyal","2"
"Itum5_37bands_30",2.72110461995215,1.41065028974364,"Itum5","6"
"Crimson_37bands_31",4.87603936021641,-3.61501996964986,"Crimson","3"
"Itum4_37bands_31",-1.63791183770918,-3.18056037274263,"Itum4","7"
"Itum9_37bands_31",2.49011980548618,-3.32099706188179,"Itum9","3"
"Itum5_37bands_31",3.18933620678211,1.39265642989954,"Itum5","6"
"AutumRoyal_37bands_31",-7.62552912296469,-1.68241138423052,"AutumRoyal","2"
"Crimson_37bands_32",4.54264800556417,-4.8323658912922,"Crimson","3"
"Itum4_37bands_32",-1.44751089465931,-2.95630797820847,"Itum4","7"
"Itum9_37bands_32",1.94295714353704,-2.91372929002389,"Itum9","3"
"AutumRoyal_37bands_32",-6.58667494908493,-1.73260781093861,"AutumRoyal","2"
"Itum5_37bands_32",2.43163601098866,-0.0375748272631611,"Itum5","6"
"Crimson_37bands_33",6.15113832720851,-1.41438614402294,"Crimson","3"
"Itum5_37bands_33",3.06510153934453,2.17256612716079,"Itum5","6"
"AutumRoyal_37bands_33",-6.86425893099171,-2.04213232997821,"AutumRoyal","2"
"Itum9_37bands_33",2.24182458895623,-2.18533959263237,"Itum9","3"
"Crimson_37bands_34",7.18726967908413,0.101416526287493,"Crimson","6"
"Itum4_37bands_34",-3.15041829323741,-2.81691189269049,"Itum4","7"
"Itum9_37bands_34",2.18470277763952,-3.58588302325459,"Itum9","3"
"Itum5_37bands_34",3.3796224675531,2.57658988834376,"Itum5","6"
"AutumRoyal_37bands_34",-6.60249201797841,-1.66260894927913,"AutumRoyal","2"
"Crimson_37bands_35",2.85759749645614,-4.74370548993497,"Crimson","3"
"Itum9_37bands_35",6.54507970406682,-2.27901243072356,"Itum9","3"
"AutumRoyal_37bands_35",-6.62885336638478,-1.66349491601906,"AutumRoyal","2"
"Itum5_37bands_35",3.1539007028311,1.13272807558367,"Itum5","6"
"Crimson_37bands_36",3.84364475248419,-5.03173192506377,"Crimson","3"
"Itum9_37bands_36",6.23119873041272,-2.66635761142238,"Itum9","3"
"Itum5_37bands_36",2.57822123471258,1.64737157844641,"Itum5","6"
"AutumRoyal_37bands_36",-5.0166156817271,-1.91442182198141,"AutumRoyal","2"
"Itum4_37bands_37",-3.73539297402304,-2.56816240048546,"Itum4","7"
"Itum5_37bands_37",2.79083758820995,1.01291987709362,"Itum5","6"
"AutumRoyal_37bands_37",-5.56931944519642,-1.91411151880004,"AutumRoyal","2"
"Crimson_37bands_37",3.34067205859705,-3.99108142058626,"Crimson","3"
"Crimson_37bands_38",4.21458330832975,-4.36431001251786,"Crimson","3"
"Itum4_37bands_38",-4.1475550348769,-2.48737765567358,"Itum4","7"
"Itum9_37bands_38",3.65786225731693,-3.33354561176233,"Itum9","3"
"Itum5_37bands_38",2.6853620132498,0.476384172380741,"Itum5","6"
"AutumRoyal_37bands_38",-6.4392085935682,-3.01817918788003,"AutumRoyal","2"
"Crimson_37bands_39",6.36408203110383,1.90934697696695,"Crimson","6"
"Itum9_37bands_39",6.57176343317555,-2.27576347888384,"Itum9","3"
"AutumRoyal_37bands_39",-7.01993029874541,-2.453084893724,"AutumRoyal","2"
"Itum4_37bands_39",-1.76725232028104,-3.19518997437699,"Itum4","7"
"Itum5_37bands_39",2.75245462404653,0.678633939687603,"Itum5","6"
"Itum4_37bands_40",-1.29195406664074,-3.2710511357093,"Itum4","7"
"Itum5_37bands_40",2.96407990813165,0.849599678885979,"Itum5","6"
"AutumRoyal_37bands_40",-5.46231906732977,-3.03299391222687,"AutumRoyal","2"
"Crimson_37bands_40",6.04863102254893,1.5637533135311,"Crimson","6"
"Itum9_37bands_40",5.3536741705355,-2.79030765092778,"Itum9","3"
"AutumRoyal_37bands_41",-7.28371801181185,-1.85831561183445,"AutumRoyal","2"
"Crimson_37bands_41",5.29520202631604,-1.09299680774639,"Crimson","6"
"Itum9_37bands_41",5.75779255641616,-2.7206479361819,"Itum9","3"
"Itum5_37bands_41",3.48590185089731,2.2641265327882,"Itum5","6"
"Crimson_37bands_42",6.7620644964774,1.41673262081926,"Crimson","6"
"Itum9_37bands_42",4.123815936802,-3.28994416720759,"Itum9","3"
"AutumRoyal_37bands_42",-6.80427357329383,-2.07853179777215,"AutumRoyal","2"
"Itum5_37bands_42",3.46784700558375,2.89253297597227,"Itum5","6"
"Crimson_37bands_43",7.7638891953148,0.771302918638173,"Crimson","6"
"Itum4_37bands_43",-1.9573336077702,-3.05056515273417,"Itum4","7"
"Itum5_37bands_43",2.59901530265706,1.52753664089871,"Itum5","6"
"AutumRoyal_37bands_43",-1.23955607151359,0.178489792364145,"AutumRoyal","2"
"Crimson_37bands_44",6.7661443313571,0.893483552362044,"Crimson","6"
"Itum4_37bands_44",-2.14596579494266,-3.15642282263227,"Itum4","7"
"Itum9_37bands_44",3.40968552672471,-3.25802574884033,"Itum9","3"
"Itum5_37bands_44",2.52933147679275,1.60457657179705,"Itum5","6"
"AutumRoyal_37bands_44",-0.696150141469571,1.18639415587585,"AutumRoyal","2"
"Itum5_37bands_45",3.30282307234732,0.912872459072971,"Itum5","6"
"AutumRoyal_37bands_45",-7.29856268937035,-1.21453990147722,"AutumRoyal","2"
"Itum4_37bands_45",-1.92734336551163,-2.77371265689881,"Itum4","7"
"Itum5_37bands_46",3.93912932737798,3.09349881415144,"Itum5","6"
"AutumRoyal_37bands_46",-9.1861808358077,-1.13718804204888,"AutumRoyal","2"
"Crimson_37bands_46",4.55308742251022,-3.40293478409637,"Crimson","3"
"Itum9_37bands_46",7.399893020542,-3.74214624719345,"Itum9","3"
"Crimson_37bands_47",4.89856407622853,-4.91108132677402,"Crimson","3"
"Itum4_37bands_47",-2.21576596373398,-2.73026568985986,"Itum4","7"
"Itum5_37bands_47",3.01856394038923,0.686436192416492,"Itum5","6"
"AutumRoyal_37bands_47",-2.66395957778808,1.02659543635896,"AutumRoyal","2"
"Itum9_37bands_48",6.9641408010442,-1.10183248962774,"Itum9","3"
"AutumRoyal_37bands_48",-1.70932509929795,-1.86517174323649,"AutumRoyal","2"
"Crimson_37bands_48",4.77793007396088,-4.05388406406202,"Crimson","3"
"Itum4_37bands_48",-2.08307781436221,-2.46216170756505,"Itum4","7"
"Itum5_37bands_48",2.82043337118158,1.03713682425316,"Itum5","6"
"Crimson_37bands_49",3.77809126798454,-4.69625767057718,"Crimson","3"
"Itum9_37bands_49",7.21147725831243,-3.59339488822622,"Itum9","3"
"Itum5_37bands_49",2.93736329697213,1.03845883108392,"Itum5","6"
"AutumRoyal_37bands_49",-6.05405781648716,-1.97468755453969,"AutumRoyal","2"
"Crimson_37bands_50",4.07248348376338,-5.20910764091535,"Crimson","3"
"Itum9_37bands_50",6.5186319728039,-3.53392659141201,"Itum9","3"
"AutumRoyal_37bands_50",-5.94841131476771,-3.22804277147312,"AutumRoyal","2"
"Itum4_37bands_50",-2.17672044334478,-3.19853083782891,"Itum4","7"
"Itum5_37bands_50",3.22127292127352,1.91402232041423,"Itum5","6"
"Itum4_37bands_51",-1.66548362335479,-2.80483285872294,"Itum4","7"
"Itum9_37bands_51",3.29306410277407,-4.13479783615255,"Itum9","3"
"Itum5_37bands_51",3.22264971367063,1.45996385403684,"Itum5","6"
"AutumRoyal_37bands_51",-4.80218167430427,-2.2683686014966,"AutumRoyal","2"
"Crimson_37bands_51",5.52544404944058,-1.21158970890675,"Crimson","3"
"Crimson_37bands_52",5.16432497417533,-1.01343991232181,"Crimson","3"
"Itum9_37bands_52",3.2377218516054,-3.84160875237601,"Itum9","3"
"Itum5_37bands_52",3.6132583828548,2.15122669027132,"Itum5","6"
"AutumRoyal_37bands_52",-5.34347471765632,-2.09656013598117,"AutumRoyal","2"
"Itum4_37bands_52",-1.36575644660281,-2.65869991440901,"Itum4","7"
"Crimson_37bands_53",5.50539356912796,-2.74055105813262,"Crimson","3"
"Itum4_37bands_53",-2.15851601043547,-2.79555415409303,"Itum4","7"
"Itum5_37bands_53",3.4447004096459,0.884470038875381,"Itum5","6"
"Itum9_37bands_53",3.57805771432103,-3.41285939970061,"Itum9","3"
"Crimson_37bands_54",5.32128923667819,-4.10412393766231,"Crimson","3"
"Itum9_37bands_54",4.11630074124838,-3.25445958252336,"Itum9","3"
"Itum5_37bands_54",3.38530809376725,0.784723635745917,"Itum5","6"
"AutumRoyal_37bands_54",-5.84382089507286,-2.5200975864652,"AutumRoyal","2"
"Itum4_37bands_54",-1.94279363681376,-2.66542435244297,"Itum4","7"
"Crimson_37bands_55",4.5915220281924,-4.66205858256452,"Crimson","3"
"Itum4_37bands_55",-1.56839630242994,-2.87143648120599,"Itum4","7"
"Itum5_37bands_55",2.4732050983948,-0.929969532421422,"Itum5","6"
"AutumRoyal_37bands_55",-0.792184969724052,2.9984975838518,"AutumRoyal","2"
"Itum9_37bands_55",1.77691838490805,-2.02100189051725,"Itum9","3"
"Crimson_37bands_56",4.26058377354789,-5.07293627117859,"Crimson","3"
"Itum5_37bands_56",2.95809249744534,0.887628149960461,"Itum5","6"
"Itum4_37bands_56",-1.82870479236029,-2.51947989232728,"Itum4","7"
"AutumRoyal_37bands_56",-1.03798035361578,-0.467353458083513,"AutumRoyal","2"
"Crimson_37bands_57",6.5916113408265,0.192582299552506,"Crimson","6"
"Itum4_37bands_57",-2.06380038322899,-2.78134261888776,"Itum4","7"
"Itum9_37bands_57",3.16254530954938,-2.94801054720742,"Itum9","3"
"Itum5_37bands_57",2.95840764957145,1.17864490348783,"Itum5","6"
"AutumRoyal_37bands_57",-0.679277565494505,2.16037681102331,"AutumRoyal","2"
"Itum4_37bands_58",-2.17026506800007,-2.83374404509548,"Itum4","7"
"Itum9_37bands_58",2.30793805365172,-3.14052095027428,"Itum9","3"
"Itum5_37bands_58",3.41099871942596,1.59085773793709,"Itum5","6"
"AutumRoyal_37bands_58",-1.0486129191573,1.13058330688221,"AutumRoyal","2"
"Crimson_37bands_58",5.97651384945836,-3.10278976779954,"Crimson","3"
"Crimson_37bands_59",4.70002479429303,-4.3586145368258,"Crimson","3"
"Itum9_37bands_59",4.17802536367199,-3.15845005099678,"Itum9","3"
"Itum5_37bands_59",2.90915100484575,1.08443865728009,"Itum5","6"
"AutumRoyal_37bands_59",-7.15154744518459,-2.07470990357348,"AutumRoyal","2"
"Itum4_37bands_59",-2.72053437921149,-2.74783734468116,"Itum4","7"
"Itum4_37bands_60",-2.37244904308413,-2.46002206800092,"Itum4","7"
"Itum9_37bands_60",4.60329991449413,-3.73383205205297,"Itum9","3"
"AutumRoyal_37bands_60",-6.24024453585715,-2.33482665558946,"AutumRoyal","2"
"Crimson_37bands_60",4.51350940193368,-4.60022860033823,"Crimson","3"
"Itum5_37bands_60",3.02140630358875,1.28589221761481,"Itum5","6"
"Crimson_37bands_61",4.04621597206886,-5.05510027810446,"Crimson","3"
"Itum4_37bands_61",-3.16430036574728,-2.33727978009107,"Itum4","7"
"Itum9_37bands_61",2.52500862675306,-3.5742700634687,"Itum9","3"
"Itum5_37bands_61",2.76427608046622,1.0869277092592,"Itum5","6"
"AutumRoyal_37bands_61",-6.89073495641396,-1.70000375557998,"AutumRoyal","2"
"Crimson_37bands_62",3.94848187529811,-4.66963271049002,"Crimson","3"
"Itum4_37bands_62",-3.28828434585067,-2.29992484278289,"Itum4","7"
"Itum9_37bands_62",2.21436629161476,-3.50152317088147,"Itum9","3"
"Itum5_37bands_62",3.14078602254686,2.16996212181595,"Itum5","6"
"AutumRoyal_37bands_62",-6.28735233752047,-2.01741034372887,"AutumRoyal","2"
"Crimson_37bands_63",5.50318509027366,-1.69562029466893,"Crimson","3"
"Itum9_37bands_63",4.81695362245579,-3.80716669507475,"Itum9","3"
"AutumRoyal_37bands_63",-6.39913931640788,-1.88319378339249,"AutumRoyal","2"
"Itum4_37bands_63",-0.95086811304702,-3.0508498223896,"Itum4","7"
"Itum5_37bands_63",2.87628562781165,2.0960725547524,"Itum5","6"
"Crimson_37bands_64",4.51043901107206,-5.42554364543578,"Crimson","3"
"Itum4_37bands_64",-0.901501001900102,-2.81469415167535,"Itum4","7"
"Itum5_37bands_64",3.26544851631782,1.04876178166538,"Itum5","6"
"AutumRoyal_37bands_64",-6.68501449018915,-1.6871275236529,"AutumRoyal","2"
"Itum9_37bands_64",4.48436125109565,-3.11738043738024,"Itum9","3"
"Crimson_37bands_65",5.88334112165319,-1.10553468296832,"Crimson","3"
"Itum4_37bands_65",-2.70931485369081,-2.32687977355543,"Itum4","7"
"Itum5_37bands_65",3.54023836634224,2.32100908725177,"Itum5","6"
"AutumRoyal_37bands_65",-2.21731167144082,-0.17807914478494,"AutumRoyal","2"
"Itum9_37bands_65",5.05687377868937,-3.93528191668839,"Itum9","3"
"Crimson_37bands_66",5.67518441859729,-2.27070837633651,"Crimson","3"
"Itum4_37bands_66",-2.50045952101992,-2.29990854062949,"Itum4","7"
"Itum9_37bands_66",4.21290250046028,-3.18175652965929,"Itum9","3"
"AutumRoyal_37bands_66",-3.11866083428637,-0.284172221465912,"AutumRoyal","2"
"Itum5_37bands_66",3.5112727500771,1.51080988720898,"Itum5","6"
"Itum4_37bands_67",-0.940417055583066,-3.45453969773787,"Itum4","7"
"AutumRoyal_37bands_67",-1.15574155004323,-0.47955282463174,"AutumRoyal","2"
"Crimson_37bands_67",6.04053359532995,-1.603382803901,"Crimson","3"
"Itum9_37bands_67",5.62982543855494,-2.74739044559115,"Itum9","3"
"Itum5_37bands_67",2.40942741913209,-0.402622529395262,"Itum5","6"
"Crimson_37bands_68",5.68900175123709,-2.72615256574157,"Crimson","3"
"Itum4_37bands_68",-0.972477587252099,-3.06229250168034,"Itum4","7"
"Itum9_37bands_68",5.28184774469762,-3.49507048369687,"Itum9","3"
"AutumRoyal_37bands_68",-2.68909391378413,-0.348997080075663,"AutumRoyal","2"
"Itum5_37bands_68",2.3580573541157,-0.168069277914563,"Itum5","6"
"Crimson_37bands_69",5.52831476298107,-3.33278573373816,"Crimson","3"
"Itum9_37bands_69",4.33396511075058,-3.51533756697895,"Itum9","3"
"Itum4_37bands_69",-2.03456685975683,-2.73983194637396,"Itum4","7"
"Itum5_37bands_69",2.85144517882225,0.277738803875719,"Itum5","6"
"AutumRoyal_37bands_69",-6.71795724389639,-1.41473139784532,"AutumRoyal","2"
"Itum4_37bands_70",-2.04778146679716,-2.81863158896525,"Itum4","7"
"Itum9_37bands_70",4.30188677419397,-3.234364465818,"Itum9","3"
"AutumRoyal_37bands_70",-6.98552184910185,-1.90140338184887,"AutumRoyal","2"
"Itum5_37bands_70",2.78826321513391,0.301042385240358,"Itum5","6"
"Crimson_37bands_71",5.42561429090928,-3.3308073906636,"Crimson","3"
"Itum4_37bands_71",-1.67429439313093,-2.56480161160803,"Itum4","7"
"Itum9_37bands_71",6.02188763607808,-2.61033956315327,"Itum9","3"
"Itum5_37bands_71",3.39675760543359,1.44532791130013,"Itum5","6"
"AutumRoyal_37bands_71",-2.11009496220095,-1.58581791147366,"AutumRoyal","2"
"Crimson_37bands_72",5.04583330487816,-4.55887308331852,"Crimson","3"
"Itum5_37bands_72",3.00787805177573,1.6794163480833,"Itum5","6"
"AutumRoyal_37bands_72",-3.38799534246332,-1.66329699561858,"AutumRoyal","2"
"Itum4_37bands_72",-2.0261342340416,-2.65400612724699,"Itum4","7"
"Crimson_37bands_73",4.9159288075663,-4.04080468692407,"Crimson","3"
"Itum4_37bands_73",-2.74409910963859,-2.46511798573267,"Itum4","7"
"Itum9_37bands_73",5.1496217610222,-3.6411217484729,"Itum9","3"
"Itum5_37bands_73",3.49284248834351,0.796565379444844,"Itum5","6"
"AutumRoyal_37bands_73",-5.8926035171765,-2.18663560822795,"AutumRoyal","2"
"Crimson_37bands_74",5.27965197442246,-3.80329556953642,"Crimson","3"
"Itum4_37bands_74",-3.01974830939419,-2.33551844980033,"Itum4","7"
"Itum9_37bands_74",4.46361220945093,-2.9625032180323,"Itum9","3"
"Itum5_37bands_74",3.3165750414715,-0.301206450440941,"Itum5","6"
"AutumRoyal_37bands_74",-6.01736333755622,-2.04977257714543,"AutumRoyal","2"
"Crimson_37bands_75",6.5617989197297,0.882728370421475,"Crimson","6"
"Itum9_37bands_75",4.21004751917708,-2.53325288509352,"Itum9","3"
"Itum5_37bands_75",3.23598355477618,-0.0631657143511081,"Itum5","6"
"Itum4_37bands_75",-2.84650465941347,-2.38885798692602,"Itum4","7"
"AutumRoyal_37bands_75",-1.63049259598685,-2.25622016542506,"AutumRoyal","2"
"Crimson_37bands_76",6.30476062399499,0.97000639334489,"Crimson","6"
"Itum4_37bands_76",-2.66131915034798,-2.16500760285571,"Itum4","7"
"Itum9_37bands_76",4.99145804495148,-3.52105156509374,"Itum9","3"
"Itum5_37bands_76",3.49570406368426,-0.0488710404864399,"Itum5","6"
"AutumRoyal_37bands_76",-3.85649762760697,-1.54242941453161,"AutumRoyal","2"
"Crimson_37bands_77",3.73222746681269,-4.42995073231656,"Crimson","3"
"Itum5_37bands_77",3.03866366599684,0.463256205207148,"Itum5","6"
"Itum4_37bands_77",-1.80866581401652,-2.70160563416684,"Itum4","7"
"Itum9_37bands_77",4.45385548567601,-2.9242646670723,"Itum9","3"
"AutumRoyal_37bands_77",-4.91898330266807,-3.03840081858425,"AutumRoyal","2"
"Crimson_37bands_78",3.51289213826984,-4.27943636266181,"Crimson","3"
"Itum4_37bands_78",-1.58001346036237,-2.81843930319597,"Itum4","7"
"Itum9_37bands_78",5.39770419667909,-3.42679535256172,"Itum9","3"
"Itum5_37bands_78",3.24591351802621,0.444944664397411,"Itum5","6"
"AutumRoyal_37bands_78",-3.89649821843566,-2.87432945274248,"AutumRoyal","2"
"Itum4_37bands_79",-2.42388641276171,-2.62798152500477,"Itum4","7"
"Itum9_37bands_79",3.43644796293213,-3.37196443322404,"Itum9","3"
"Itum5_37bands_79",2.88766964531224,0.534327777273327,"Itum5","6"
"AutumRoyal_37bands_79",-1.77596658874965,-2.10900536704934,"AutumRoyal","2"
"Crimson_37bands_80",6.02990875329581,-3.41960911540577,"Crimson","3"
"Itum4_37bands_80",-2.59236564967664,-3.04973182966897,"Itum4","7"
"Itum5_37bands_80",3.10428288696054,0.513603146925077,"Itum5","6"
"AutumRoyal_37bands_80",-0.94884289702206,-0.555386364340688,"AutumRoyal","2"
"Itum9_37bands_80",3.10544526299297,-2.91599296542496,"Itum9","3"
"Crimson_37bands_81",4.10150390559714,-4.62771746011631,"Crimson","3"
"Itum9_37bands_81",6.7840721911332,-1.51349346867768,"Itum9","3"
"Itum5_37bands_81",3.25049674538489,1.06187145435478,"Itum5","6"
"AutumRoyal_37bands_81",-4.56313204278692,-2.81976285521339,"AutumRoyal","2"
"Itum4_37bands_81",-1.47773545946739,-2.77838991579587,"Itum4","7"
"Crimson_37bands_82",4.18513189197474,-5.16545163106663,"Crimson","3"
"Itum5_37bands_82",2.9568509039508,0.511644607643028,"Itum5","6"
"Itum9_37bands_82",6.9310031758671,-2.78260308473047,"Itum9","3"
"Itum5_37bands_83",2.50965790641861,0.843980964800806,"Itum5","6"
"Itum4_37bands_83",-2.33273892534732,-2.20973822076576,"Itum4","7"
"Itum9_37bands_83",7.03770566967376,-2.88083000536957,"Itum9","3"
"AutumRoyal_37bands_83",0.0986741484580429,1.27191202137325,"AutumRoyal","2"
"Itum5_37bands_84",2.27398922572622,1.32624746022088,"Itum5","6"
"Crimson_37bands_84",4.57920602272042,-4.10847597737155,"Crimson","3"
"Itum4_37bands_84",-2.22138430516345,-2.09582610597913,"Itum4","7"
"Itum9_37bands_84",6.93465017716871,-2.9236897582816,"Itum9","3"
"AutumRoyal_37bands_84",0.0284535797735345,1.87884446760898,"AutumRoyal","6"
"Crimson_37bands_85",6.43256134900128,0.105828853765359,"Crimson","6"
"Itum9_37bands_85",5.78178514003416,-3.89978930399441,"Itum9","3"
"Itum5_37bands_85",3.41478239919593,0.983211237608376,"Itum5","6"
"AutumRoyal_37bands_85",0.831422484852939,2.39296634173015,"AutumRoyal","6"
"Itum4_37bands_85",-2.29295345820923,-2.57491649397658,"Itum4","7"
"Itum4_37bands_86",-2.16731007301404,-1.99106918533213,"Itum4","7"
"Itum9_37bands_86",6.87914731521086,-4.06087617580018,"Itum9","3"
"AutumRoyal_37bands_86",1.08646002059027,2.78734203973267,"AutumRoyal","6"
"Crimson_37bands_86",6.48880041251725,0.812050954310354,"Crimson","6"
"Itum5_37bands_86",3.05065600638442,0.644402219034644,"Itum5","6"
"Crimson_37bands_87",6.20319356565027,-2.62809374019592,"Crimson","3"
"Itum4_37bands_87",-1.71602237497939,-2.68702535964598,"Itum4","7"
"Itum9_37bands_87",4.35017392941421,-3.16426753654746,"Itum9","3"
"Itum5_37bands_87",2.90005476868295,1.74656532251942,"Itum5","6"
"AutumRoyal_37bands_87",-6.05274014022576,-2.47274401736184,"AutumRoyal","2"
"Crimson_37bands_88",6.39888614157786,-2.86734672730047,"Crimson","3"
"Itum4_37bands_88",-1.5954555374666,-2.4152984224342,"Itum4","7"
"Itum5_37bands_88",2.70756569637512,1.43710214275044,"Itum5","6"
"AutumRoyal_37bands_88",-4.92990320839231,-2.45389310560993,"AutumRoyal","2"
"Itum9_37bands_88",5.25367425183633,-3.14297399917044,"Itum9","3"
"Crimson_37bands_89",5.9994470199962,-1.10859012067209,"Crimson","6"
"Itum4_37bands_89",-1.12336562476904,-2.83949810690003,"Itum4","7"
"Itum9_37bands_89",3.58760319160207,-3.21058486047807,"Itum9","3"
"Itum5_37bands_89",3.56801693113269,1.13361895940403,"Itum5","6"
"AutumRoyal_37bands_89",-4.57724585669414,-2.97520698270942,"AutumRoyal","2"
"Crimson_37bands_90",5.54055992032461,-2.07429977948541,"Crimson","3"
"Itum4_37bands_90",-1.24834951521611,-2.8482412364286,"Itum4","7"
"Itum9_37bands_90",3.41129970186851,-3.87300896889383,"Itum9","3"
"Itum5_37bands_90",3.25858642718537,1.31073463448944,"Itum5","6"
"AutumRoyal_37bands_90",-5.41044079174243,-1.95356627969609,"AutumRoyal","2"
"Crimson_37bands_91",5.95694228840078,-3.63743943150819,"Crimson","3"
"Itum4_37bands_91",-0.743019053431643,-3.19141020446438,"Itum4","7"
"Itum9_37bands_91",7.6630441965379,-1.96774258240641,"Itum9","3"
"AutumRoyal_37bands_91",-2.91228390761422,-1.53218413707525,"AutumRoyal","2"
"Itum5_37bands_91",3.55210131127839,-0.0797311183799073,"Itum5","6"
"Crimson_37bands_92",5.96960717632604,-4.13788799753815,"Crimson","3"
"Itum4_37bands_92",-1.04156808465225,-3.14529259252838,"Itum4","7"
"Itum5_37bands_92",3.60510304135197,-0.0299462179634037,"Itum5","6"
"Itum9_37bands_92",7.44347923210658,-2.77979851421568,"Itum9","3"
"Itum4_37bands_93",-1.39898847190594,-2.89135222589101,"Itum4","7"
"Itum9_37bands_93",5.48779588168513,-3.2202235225964,"Itum9","3"
"Crimson_37bands_93",5.40667859846788,-3.05539454130016,"Crimson","3"
"Itum5_37bands_93",2.87082441097464,-0.191749205583715,"Itum5","6"
"AutumRoyal_37bands_93",-2.9858601130254,-2.70704534504181,"AutumRoyal","2"
"Crimson_37bands_94",5.81275194821263,-3.99877376086627,"Crimson","3"
"Itum9_37bands_94",5.34860181744306,-4.53480943566751,"Itum9","3"
"Itum5_37bands_94",3.55191935541678,0.116753611196187,"Itum5","6"
"Itum4_37bands_94",-1.59965555010543,-2.82506807440758,"Itum4","7"
"Crimson_37bands_95",5.37184217642234,-4.16237506028242,"Crimson","3"
"Itum5_37bands_95",2.4796704051986,1.3374634731105,"Itum5","6"
"AutumRoyal_37bands_95",-5.45857371371746,-2.44406293392605,"AutumRoyal","2"
"Itum4_37bands_95",-1.46236435536879,-3.13728519855148,"Itum4","7"
"Itum9_37bands_95",4.77178334125512,-3.84439720493533,"Itum9","3"
"Crimson_37bands_96",5.30946124892526,-4.16191132666103,"Crimson","3"
"Itum5_37bands_96",2.57748000499755,-0.172839046310129,"Itum5","6"
"Itum9_37bands_96",4.94581251191504,-4.06670151658599,"Itum9","3"
"AutumRoyal_37bands_96",-5.00211055162859,-2.70924090296171,"AutumRoyal","2"
"Crimson_37bands_97",6.48123408126902,1.73619543100668,"Crimson","6"
"Itum4_37bands_97",-1.81497517622885,-2.65161503498212,"Itum4","7"
"Itum9_37bands_97",5.47479670987984,-3.79322236088741,"Itum9","3"
"Itum5_37bands_97",2.98623985380227,0.906140986290943,"Itum5","6"
"AutumRoyal_37bands_97",-6.719932065758,-1.94776414806578,"AutumRoyal","2"
"Crimson_37bands_98",6.7981319328468,1.62893148296843,"Crimson","6"
"Itum4_37bands_98",-1.51960792957091,-2.7833558237607,"Itum4","7"
"Itum5_37bands_98",2.49035933929481,0.70328513513358,"Itum5","6"
"Itum9_37bands_98",4.66016310853243,-3.91402191919064,"Itum9","3"
"AutumRoyal_37bands_98",-5.13925776435891,-1.45218948832639,"AutumRoyal","2"
"Crimson_37bands_99",3.73815981501915,-3.15666096909047,"Crimson","3"
"Itum5_37bands_99",3.9335099820255,2.40818174262248,"Itum5","6"
"AutumRoyal_37bands_99",-5.7885843704646,-2.26573464879435,"AutumRoyal","2"
"Itum9_37bands_99",8.15197275529614,-0.911997299330462,"Itum9","3"
"Crimson_37bands_100",5.52235479842966,-2.50262699425409,"Crimson","3"
"Itum4_37bands_100",-2.20854221257208,-2.64038987001966,"Itum4","7"
"Itum9_37bands_100",9.1767777480925,-1.13606322029988,"Itum9","3"
"Itum5_37bands_100",2.81355443306858,0.201038994468568,"Itum5","6"
"AutumRoyal_37bands_100",-5.73988461204162,-2.12154213590559,"AutumRoyal","2"
"Crimson_37bands_101",2.97287909704135,-5.43753195018973,"Crimson","3"
"Itum4_37bands_101",-1.70078914221914,-2.53291218619468,"Itum4","7"
"Itum9_37bands_101",2.64239225609146,-2.74587870399833,"Itum9","3"
"Itum5_37bands_101",2.72860189442889,0.370154664304756,"Itum5","6"
"AutumRoyal_37bands_101",-1.934020016191,-0.994371381047268,"AutumRoyal","2"
"Crimson_37bands_102",3.11991400777395,-6.99256396462266,"Crimson","3"
"Itum9_37bands_102",3.54870746264503,-3.15874359283747,"Itum9","3"
"Itum5_37bands_102",2.74646897148929,0.469004176125572,"Itum5","6"
"AutumRoyal_37bands_102",-3.69758628269064,-2.48650427927507,"AutumRoyal","2"
"Itum4_37bands_102",-2.0131457713328,-2.49060740794255,"Itum4","7"
"Crimson_37bands_197",2.06603922319366,-0.724095738282821,"Crimson","6"
"Crimson_37bands_198",1.81682526318052,-1.67448654684777,"Crimson","6"
"Crimson_37bands_199",3.29289281498339,1.42209889864167,"Crimson","6"
"Crimson_37bands_200",3.4384912180127,2.19334638750511,"Crimson","6"
"Crimson_37bands_201",2.80917024914535,-0.167341357488132,"Crimson","6"
"Crimson_37bands_202",1.44513463131179,-1.72256591279434,"Crimson","6"
"Crimson_37bands_203",2.69838936908856,-1.49295239392122,"Crimson","6"
"Crimson_37bands_204",2.654356502222,-1.46631817401426,"Crimson","6"
"Crimson_37bands_205",0.746365289618798,-2.18297951807661,"Crimson","7"
"AutumRoyal_37bands_205",-4.02242648416448,-2.61803888470193,"AutumRoyal","7"
"Itum5_37bands_205",-4.33561384712998,6.13107276982251,"Itum5","4"
"Itum5_37bands_206",-4.77049671634611,5.70385196960721,"Itum5","4"
"Crimson_37bands_206",0.675943254401485,-2.85638319159093,"Crimson","7"
"AutumRoyal_37bands_206",-3.60155218975407,-2.21218961503912,"AutumRoyal","7"
"Crimson_37bands_207",2.922521758072,0.283603769778552,"Crimson","6"
"Itum5_37bands_207",-3.43623731960092,6.87771010350222,"Itum5","4"
"AutumRoyal_37bands_207",0.771559725152825,-1.10571839246065,"AutumRoyal","7"
"Crimson_37bands_208",2.85177543942255,-0.0724387901472876,"Crimson","6"
"AutumRoyal_37bands_208",1.15842476184663,-0.232307231405823,"AutumRoyal","7"
"Itum5_37bands_208",-3.26594490120512,7.50538915905279,"Itum5","4"
"AutumRoyal_37bands_209",-3.3145272968841,-3.8559946385662,"AutumRoyal","7"
"Itum5_37bands_209",-4.07290685171499,6.44490425465863,"Itum5","4"
"Crimson_37bands_209",1.4450288659401,-2.70793282853312,"Crimson","3"
"Crimson_37bands_210",1.70019220677123,-2.23242334077014,"Crimson","3"
"AutumRoyal_37bands_210",-2.80490264974119,-2.71801826713841,"AutumRoyal","7"
"Itum5_37bands_210",-4.31105160128121,5.96967643515926,"Itum5","4"
"Crimson_37bands_211",-0.554346486734323,-3.81647920140257,"Crimson","7"
"AutumRoyal_37bands_211",-0.19235930572652,-1.33714114044646,"AutumRoyal","7"
"Itum5_37bands_211",-3.42770299592118,5.57485664918158,"Itum5","4"
"Crimson_37bands_212",-0.0210227133811403,-3.91188477753516,"Crimson","7"
"Itum5_37bands_212",-3.52364277186536,6.46639085833176,"Itum5","4"
"AutumRoyal_37bands_212",0.635365688107821,0.243036000404751,"AutumRoyal","7"
"Crimson_37bands_213",3.21978263457834,1.04984459630466,"Crimson","6"
"AutumRoyal_37bands_213",1.61984292965535,0.842176735407562,"AutumRoyal","6"
"Itum5_37bands_213",-3.70699448638918,6.80897766345171,"Itum5","4"
"AutumRoyal_37bands_214",2.40575958009647,3.35308059675748,"AutumRoyal","6"
"Crimson_37bands_214",2.61444334396007,0.0687066912296627,"Crimson","6"
"Itum5_37bands_214",-3.9530497353065,7.10286053616801,"Itum5","4"
"AutumRoyal_37bands_215",-4.21052015949841,-2.89355789031986,"AutumRoyal","5"
"Itum5_37bands_215",-4.76017093371232,4.93463794948334,"Itum5","4"
"Crimson_37bands_215",1.75781136334362,-2.87366037415304,"Crimson","3"
"Crimson_37bands_216",2.44829211718902,-1.08426058655988,"Crimson","6"
"Itum5_37bands_216",-4.48518762970745,5.85638469543825,"Itum5","4"
"AutumRoyal_37bands_216",-4.67655576523714,-2.15947165915414,"AutumRoyal","5"
"AutumRoyal_37bands_217",-0.593462077100513,-1.50792028512306,"AutumRoyal","7"
"Itum5_37bands_217",-3.83860942660527,7.04606390356982,"Itum5","4"
"Crimson_37bands_217",0.680277683178402,-3.08561862627966,"Crimson","7"
"AutumRoyal_37bands_218",-0.752584024375252,-2.0693267872813,"AutumRoyal","7"
"Itum5_37bands_218",-3.61873927957631,7.22016238592978,"Itum5","4"
"Crimson_37bands_218",0.486329618807693,-3.71935082503529,"Crimson","7"
"Crimson_37bands_219",3.08156317760654,0.0651199177548664,"Crimson","6"
"AutumRoyal_37bands_219",0.751127140527492,-0.0837885233336065,"AutumRoyal","7"
"Itum5_37bands_219",-4.38406342242349,7.03300289491776,"Itum5","4"
"Crimson_37bands_220",2.47957160293488,-1.48056590629497,"Crimson","6"
"AutumRoyal_37bands_220",1.39538976281467,0.931632815542234,"AutumRoyal","6"
"Crimson_37bands_221",1.61879451674575,-2.99967492478821,"Crimson","3"
"AutumRoyal_37bands_221",-3.0413053771255,-3.10292106243959,"AutumRoyal","7"
"Itum5_37bands_221",-4.39437958485475,5.39047751336591,"Itum5","4"
"Crimson_37bands_222",2.25889213251221,-2.37897242370688,"Crimson","3"
"AutumRoyal_37bands_222",-2.50012667716051,-3.00376684177762,"AutumRoyal","7"
"Itum5_37bands_222",-3.77700620104165,6.51351616568582,"Itum5","4"
"Crimson_37bands_223",3.26852328164969,0.446533151278255,"Crimson","6"
"AutumRoyal_37bands_223",0.468962144546884,-0.518020958462937,"AutumRoyal","7"
"Itum5_37bands_223",-4.32588607437051,5.75009383104649,"Itum5","4"
"Crimson_37bands_224",2.91550040189122,-0.161406642978413,"Crimson","6"
"AutumRoyal_37bands_224",0.752671575392154,-0.944112121442741,"AutumRoyal","7"
"Itum5_37bands_224",-5.08039326581962,5.42275939347625,"Itum5","4"
"AutumRoyal_37bands_225",0.575909046301178,1.24564125327229,"AutumRoyal","7"
"Itum5_37bands_225",-4.47409247626794,5.98371774086868,"Itum5","4"
"Crimson_37bands_225",2.64013065615707,-0.298738480668484,"Crimson","6"
"Crimson_37bands_226",3.17827763048178,1.09588636434121,"Crimson","6"
"AutumRoyal_37bands_226",0.821016934695001,-0.645156594410692,"AutumRoyal","7"
"Itum5_37bands_226",-3.90803627421261,6.33265627865735,"Itum5","4"
"AutumRoyal_37bands_227",-1.69713796269309,-3.42552981028047,"AutumRoyal","7"
"Itum5_37bands_227",-4.98500730167012,4.59464838252383,"Itum5","4"
"Crimson_37bands_227",1.554906407571,-2.65000567515562,"Crimson","3"
"Crimson_37bands_228",1.76295408232151,-2.87077197597416,"Crimson","3"
"AutumRoyal_37bands_228",-2.10893352252388,-3.32410656342551,"AutumRoyal","7"
"Itum5_37bands_228",-5.11499045512464,4.24975223746267,"Itum5","4"
"AutumRoyal_37bands_229",0.645294794457671,-0.740094253857513,"AutumRoyal","7"
"Itum5_37bands_229",-4.48382425510209,5.96210193924348,"Itum5","4"
"Crimson_37bands_229",1.5629699326617,-1.01999819587651,"Crimson","6"
"Crimson_37bands_230",1.72435488062954,-0.765205421503602,"Crimson","6"
"AutumRoyal_37bands_230",1.01820106982213,-0.793751214578283,"AutumRoyal","7"
"Itum5_37bands_230",-4.670756955211,5.50533472170698,"Itum5","4"
"Crimson_37bands_231",3.09188799367956,1.1116819172196,"Crimson","6"
"AutumRoyal_37bands_231",0.916850275707954,0.0940786576118076,"AutumRoyal","7"
"Itum5_37bands_231",-4.73336626574963,4.97878806815527,"Itum5","4"
"AutumRoyal_37bands_232",1.03035734848002,-0.934078589886722,"AutumRoyal","7"
"Itum5_37bands_232",-5.42926824963979,2.86410493553067,"Itum5","4"
"Crimson_37bands_232",2.92855548002363,0.528358316305045,"Crimson","6"
"Crimson_37bands_233",2.26711879424241,-0.453705870601059,"Crimson","6"
"AutumRoyal_37bands_233",0.714011089370191,-0.702785158735574,"AutumRoyal","7"
"Itum5_37bands_233",-3.25964431067477,8.34657879773882,"Itum5","4"
"Crimson_37bands_234",2.13946641636866,-2.04704738494438,"Crimson","3"
"AutumRoyal_37bands_234",1.32276316325009,0.735784275140587,"AutumRoyal","6"
"Itum5_37bands_234",-3.34616863982551,8.34140484405158,"Itum5","4"
"Crimson_37bands_235",2.21351919156319,-1.05958754522983,"Crimson","6"
"AutumRoyal_37bands_235",-3.6714609019434,-3.06162539412929,"AutumRoyal","7"
"Itum5_37bands_235",-4.16933031032264,7.12914632795176,"Itum5","4"
"Crimson_37bands_236",2.17200220838269,-0.590102555206977,"Crimson","6"
"AutumRoyal_37bands_236",-3.73714311768149,-2.82153630052442,"AutumRoyal","7"
"Itum5_37bands_236",-4.06321965789189,5.59318066230747,"Itum5","4"
"Crimson_37bands_237",2.41745645237625,-1.97162679970085,"Crimson","3"
"Itum5_37bands_237",-4.15752724219166,6.44755677852103,"Itum5","4"
"AutumRoyal_37bands_237",0.954605625030808,-0.260389984020541,"AutumRoyal","7"
"Crimson_37bands_238",2.54508892916388,-0.826850920245173,"Crimson","6"
"AutumRoyal_37bands_238",1.61694234786621,1.13629703297267,"AutumRoyal","6"
"Itum5_37bands_238",-4.28317345842554,6.46659917683062,"Itum5","4"
"Crimson_37bands_239",2.90629806604237,0.679630601571891,"Crimson","6"
"AutumRoyal_37bands_239",1.13872179377559,0.729304516816991,"AutumRoyal","6"
"Itum5_37bands_239",-5.396384046155,4.81569087746348,"Itum5","4"
"Itum5_37bands_240",-4.3276116094884,7.02484982963686,"Itum5","4"
"Crimson_37bands_240",2.24138221625004,0.0725336687164735,"Crimson","6"
"AutumRoyal_37bands_240",1.89402688495601,3.01321673604704,"AutumRoyal","6"
"AutumRoyal_37bands_241",0.334190902234776,-1.11598351587872,"AutumRoyal","7"
"Itum5_37bands_241",-3.63200405835229,5.96704815935948,"Itum5","4"
"Crimson_37bands_241",0.991697988269485,-1.43264459121068,"Crimson","7"
"AutumRoyal_37bands_242",1.03160693046908,0.211388711864514,"AutumRoyal","7"
"Itum5_37bands_242",-4.32397494470203,4.87218081648987,"Itum5","4"
"Crimson_37bands_242",0.951537492986594,-0.444775050890771,"Crimson","6"
"Itum5_37bands_243",-5.04069587041579,5.74795249836031,"Itum5","4"
"Crimson_37bands_243",2.28853361100242,-1.03268981868824,"Crimson","6"
"AutumRoyal_37bands_243",0.00354059412203481,-0.639784396534737,"AutumRoyal","7"
"Crimson_37bands_244",2.0508278311018,-2.31234132078213,"Crimson","3"
"AutumRoyal_37bands_244",0.363336572166028,0.214612974243811,"AutumRoyal","7"
"Itum5_37bands_244",-4.64456029965542,6.47949980606642,"Itum5","4"
"Crimson_37bands_245",2.16335501258214,-1.4781138142763,"Crimson","6"
"AutumRoyal_37bands_245",0.371874298595168,-1.14351461766951,"AutumRoyal","7"
"Itum5_37bands_245",-4.1190621778129,5.81049228029731,"Itum5","4"
"Itum5_37bands_246",-3.68068837016383,8.53172046874156,"Itum5","4"
"Crimson_37bands_246",2.36676036207567,-1.30782319523234,"Crimson","6"
"AutumRoyal_37bands_246",0.40308713337159,0.315608532457364,"AutumRoyal","7"
"Crimson_37bands_247",2.64270809292305,0.279500885365575,"Crimson","6"
"AutumRoyal_37bands_247",-2.7105574657594,-2.62645130948505,"AutumRoyal","7"
"Itum5_37bands_247",-4.18416128384703,6.68674004382682,"Itum5","4"
"Crimson_37bands_248",2.91590619890115,0.434684227327792,"Crimson","6"
"AutumRoyal_37bands_248",-2.95448528147649,-2.9697068327901,"AutumRoyal","7"
"Itum5_37bands_248",-3.78153707290007,7.12094813350486,"Itum5","4"
"Crimson_37bands_249",2.80141395038759,-0.455757884594498,"Crimson","6"
"AutumRoyal_37bands_249",0.281870219613655,-0.800162618117895,"AutumRoyal","7"
"Itum5_37bands_249",-4.66687243019453,5.98844846556909,"Itum5","4"
"Crimson_37bands_250",1.49268312255953,-0.105315172704861,"Crimson","6"
"AutumRoyal_37bands_250",0.49704926539337,-0.0777995460094023,"AutumRoyal","7"
"Itum5_37bands_250",-3.93709864666243,7.49533456548961,"Itum5","4"
"AutumRoyal_37bands_251",-0.259228022218464,-1.77672270404325,"AutumRoyal","7"
"Itum5_37bands_251",-5.01559242417225,5.09621222899092,"Itum5","4"
"Crimson_37bands_251",2.59327131591079,-0.79320762755681,"Crimson","6"
"Crimson_37bands_252",3.14304540133083,-1.47566178022205,"Crimson","6"
"AutumRoyal_37bands_252",0.479182203826955,-0.645172948324218,"AutumRoyal","7"
"Itum5_37bands_252",-4.09511458145852,6.19402245677552,"Itum5","4"
"Crimson_37bands_253",1.62045555219027,-3.09144939068365,"Crimson","3"
"Itum5_37bands_253",-3.79577030746297,7.94344968622094,"Itum5","4"
"AutumRoyal_37bands_253",0.794112704989961,-0.649807251817085,"AutumRoyal","7"
"Crimson_37bands_254",2.10656765718286,-2.05626238123096,"Crimson","3"
"AutumRoyal_37bands_254",2.04187325976352,1.47152700331739,"AutumRoyal","6"
"Itum5_37bands_254",-4.75849028896321,5.8286589175382,"Itum5","4"
"Crimson_37bands_255",2.01181120694654,-1.72599139555429,"Crimson","6"
"AutumRoyal_37bands_255",-0.444905159675711,-2.53342601302662,"AutumRoyal","7"
"Itum5_37bands_255",-4.45891895060219,6.35426823458136,"Itum5","4"
"AutumRoyal_37bands_256",-0.182594540118455,-0.849410119521419,"AutumRoyal","7"
"Itum5_37bands_256",-4.32035731298768,5.80912819089588,"Itum5","4"
"Crimson_37bands_256",1.60670953183434,-0.919028728932057,"Crimson","6"
"Crimson_37bands_257",2.38653268820711,0.345463923358926,"Crimson","6"
"Itum5_37bands_257",-3.82327481687812,6.84338649006834,"Itum5","4"
"AutumRoyal_37bands_257",-1.86248006689181,-3.12060842849469,"AutumRoyal","7"
"AutumRoyal_37bands_258",-2.19335772781898,-2.84872650711272,"AutumRoyal","7"
"Itum5_37bands_258",-4.43909117382155,5.82472498193863,"Itum5","4"
"AutumRoyal_37bands_259",0.387676360232309,-0.821763621989071,"AutumRoyal","7"
"Crimson_37bands_259",2.3217624562195,-1.45009302812962,"Crimson","6"
"Itum5_37bands_259",-3.58990091993826,9.56326284636406,"Itum5","4"
"Crimson_37bands_260",2.0172013755499,-1.99811639881817,"Crimson","3"
"AutumRoyal_37bands_260",0.06348361381552,-2.32392720115118,"AutumRoyal","7"
"Itum5_37bands_260",-3.57543777064887,8.87821221693384,"Itum5","4"
"Crimson_37bands_261",1.20415585425033,-3.48131060445392,"Crimson","3"
"AutumRoyal_37bands_261",-2.20015357367415,-3.18147149578334,"AutumRoyal","7"
"Itum5_37bands_261",-4.65479602784321,6.20473515950268,"Itum5","4"
"AutumRoyal_37bands_262",-2.36208103291312,-2.57737697168232,"AutumRoyal","7"
"Itum5_37bands_262",-4.48592514676698,5.78078192056854,"Itum5","4"
"Crimson_37bands_262",1.26087909734868,-3.3348826281169,"Crimson","3"
"Crimson_37bands_263",2.0557515895923,-3.12707004413893,"Crimson","3"
"AutumRoyal_37bands_263",1.20440815854249,0.103340735276717,"AutumRoyal","6"
"Itum5_37bands_263",-3.90541977175667,6.55794071148199,"Itum5","4"
"Crimson_37bands_264",2.36432639326684,-3.12183324686888,"Crimson","3"
"AutumRoyal_37bands_264",1.98134385165551,2.02669627937532,"AutumRoyal","6"
"Itum5_37bands_264",-4.10013150341396,6.05010005411637,"Itum5","4"
"Crimson_37bands_265",3.2027802924377,3.43592494904478,"Crimson","6"
"AutumRoyal_37bands_265",-2.40281498919652,-3.15534148954974,"AutumRoyal","7"
"Itum5_37bands_265",-4.22651149027131,6.96167337466731,"Itum5","4"
"Crimson_37bands_266",3.53024351841636,3.33343674200948,"Crimson","6"
"AutumRoyal_37bands_266",-2.43372332707482,-3.10599053993434,"AutumRoyal","7"
"Itum5_37bands_266",-5.14210260461587,4.09250206274185,"Itum5","4"
"AutumRoyal_37bands_267",-0.00348538165145598,-1.93403815468489,"AutumRoyal","7"
"Itum5_37bands_267",-4.88949086118394,6.1550055025808,"Itum5","4"
"Crimson_37bands_267",0.389297781576164,-1.2005926179737,"Crimson","7"
"Crimson_37bands_268",0.066604782698277,-1.1085431040649,"Crimson","7"
"Itum5_37bands_268",-5.03089245156283,5.86182831412141,"Itum5","4"
"AutumRoyal_37bands_268",-0.694423285692851,-2.4332358950568,"AutumRoyal","7"
"AutumRoyal_37bands_269",0.0853678503269972,-0.85015393494673,"AutumRoyal","7"
"Crimson_37bands_269",-1.26790012721718,-3.85472134504624,"Crimson","7"
"Itum5_37bands_269",-4.61971415336925,6.00385874776576,"Itum5","4"
"Crimson_37bands_270",-1.26772631017845,-3.79771464712256,"Crimson","7"
"AutumRoyal_37bands_270",-0.0600792832189016,-1.665531345955,"AutumRoyal","7"
"Itum5_37bands_270",-4.83877841479824,4.60177681165763,"Itum5","4"
"Crimson_37bands_271",2.02862061688005,3.3694889012328,"Crimson","6"
"AutumRoyal_37bands_271",0.133220842981508,-0.740051730573017,"AutumRoyal","7"
"Itum5_37bands_271",-4.09480157048109,6.57150130565837,"Itum5","4"
"Crimson_37bands_272",1.81698603375495,3.00104694763612,"Crimson","6"
"Itum5_37bands_272",-4.4099204265946,6.95316192875335,"Itum5","4"
"AutumRoyal_37bands_272",0.454575068827523,-0.872647919088908,"AutumRoyal","7"
"Crimson_37bands_273",0.856391582938514,-1.65656740646924,"Crimson","7"
"Itum5_37bands_273",-5.15017127190352,5.3963076687325,"Itum5","4"
"AutumRoyal_37bands_273",-2.50933704793036,-3.03453436678917,"AutumRoyal","7"
"AutumRoyal_37bands_274",-1.8089426654035,-3.23266080688556,"AutumRoyal","7"
"Itum5_37bands_274",-4.93322308470062,5.40183532713434,"Itum5","4"
"Itum5_37bands_275",-4.26753658795542,6.50152266263285,"Itum5","4"
"Crimson_37bands_275",1.72914052210528,1.15188673979371,"Crimson","6"
"AutumRoyal_37bands_275",-2.69889134844069,-3.33967793473625,"AutumRoyal","7"
"Crimson_37bands_276",1.49040432454413,0.318986583002767,"Crimson","6"
"AutumRoyal_37bands_276",-2.40771073580261,-3.24883660151245,"AutumRoyal","7"
"Itum5_37bands_276",-4.56938172781624,6.33518568925249,"Itum5","4"
"Crimson_37bands_277",0.707092928862111,-2.5481926099088,"Crimson","7"
"Itum5_37bands_277",-4.8390449191055,5.59257885886092,"Itum5","4"
"Crimson_37bands_278",0.964343340287816,-0.44016030333921,"Crimson","6"
"AutumRoyal_37bands_278",-1.86046596137029,-3.37419721139349,"AutumRoyal","7"
"Itum5_37bands_278",-4.48074872591046,6.87905250080678,"Itum5","4"
"Crimson_37bands_279",0.128437218993357,-2.07425075163111,"Crimson","7"
"AutumRoyal_37bands_279",0.0543808463352086,-2.08496585083584,"AutumRoyal","7"
"Itum5_37bands_279",-3.74317592879792,7.90372193079487,"Itum5","4"
"Crimson_37bands_280",0.529571172428749,-1.54599779577082,"Crimson","7"
"AutumRoyal_37bands_280",0.712477719683503,-1.49995827249719,"AutumRoyal","7"
"Itum5_37bands_280",-3.94647241581762,5.07160193694981,"Itum5","4"
"Crimson_37bands_281",1.79599634856029,0.348028162167065,"Crimson","6"
"Itum5_37bands_281",-3.57660824659018,7.44307454140482,"Itum5","4"
"AutumRoyal_37bands_281",-3.67499439007737,-1.95334139561954,"AutumRoyal","7"
"AutumRoyal_37bands_282",-4.07439056712618,-2.39976374800677,"AutumRoyal","7"
"Itum5_37bands_282",-3.93080315997964,7.01950984499165,"Itum5","4"
"Crimson_37bands_282",0.984501202332246,-0.162115899816371,"Crimson","6"
"Crimson_37bands_283",0.526896207332202,-0.29038357847068,"Crimson","6"
"AutumRoyal_37bands_283",-1.96588895508594,-3.22062655555664,"AutumRoyal","7"
"Itum5_37bands_283",-3.84530178322276,7.16956218381439,"Itum5","4"
"Crimson_37bands_284",1.00632176584944,0.187751937745805,"Crimson","6"
"Itum5_37bands_284",-4.54980684312003,6.66482824386337,"Itum5","4"
"AutumRoyal_37bands_284",-2.17464427448397,-3.26457708924525,"AutumRoyal","7"
"Crimson_37bands_285",0.860413040951709,-0.202830863379204,"Crimson","6"
"AutumRoyal_37bands_285",-3.4674701601004,-3.25823571932037,"AutumRoyal","7"
"Itum5_37bands_285",-5.5789989153963,5.21773930132847,"Itum5","4"
"Crimson_37bands_286",1.01886237464207,-0.949134172507229,"Crimson","6"
"Itum5_37bands_286",-4.59028237525947,5.95228711235771,"Itum5","4"
"AutumRoyal_37bands_286",-3.16941955763012,-3.08703393684314,"AutumRoyal","7"
"AutumRoyal_37bands_287",-2.08625586799755,-3.64384796057898,"AutumRoyal","7"
"Itum5_37bands_287",-3.89747008971757,7.47716595983078,"Itum5","4"
"Crimson_37bands_287",0.0699727595212766,-3.46249938393956,"Crimson","7"
"Crimson_37bands_288",0.522132674128243,-2.02911452303441,"Crimson","7"
"Itum5_37bands_288",-4.75003189906154,6.84289468246632,"Itum5","4"
"AutumRoyal_37bands_288",-2.2564491434198,-3.77384332855066,"AutumRoyal","7"
"Crimson_37bands_289",1.41645003322181,1.24729667409461,"Crimson","6"
"AutumRoyal_37bands_289",-3.20574753189133,-3.00546113837951,"AutumRoyal","7"
"Itum5_37bands_289",-3.06434240254103,9.1142500337548,"Itum5","4"
"Itum5_37bands_290",-3.06090435422236,8.58483614558298,"Itum5","4"
"Crimson_37bands_290",2.03404197996797,1.18614054387823,"Crimson","6"
"AutumRoyal_37bands_290",-3.18790806761775,-2.59908155496326,"AutumRoyal","7"
"Crimson_37bands_291",1.48348648240171,0.573033091758074,"Crimson","6"
"AutumRoyal_37bands_291",-1.95498013783882,-2.93509585212645,"AutumRoyal","7"
"Itum5_37bands_291",-4.23535375656584,6.44756303295319,"Itum5","4"
"Crimson_37bands_292",1.36588175176374,1.14702357075247,"Crimson","6"
"Itum5_37bands_292",-4.96497259798477,6.14335879950671,"Itum5","4"
"AutumRoyal_37bands_292",-2.20523934776027,-3.13999855122105,"AutumRoyal","7"
"AutumRoyal_37bands_293",-2.03817337575081,-3.37629481218023,"AutumRoyal","7"
"Crimson_37bands_293",1.25998701629995,1.07536315902597,"Crimson","6"
"Itum5_37bands_293",-4.78505448941388,5.16789186891949,"Itum5","4"
"Crimson_37bands_294",1.56743909316164,1.26220172966449,"Crimson","6"
"Itum5_37bands_294",-5.17659354360948,3.80174788167077,"Itum5","4"
"AutumRoyal_37bands_294",-1.94596856789652,-2.74946598860954,"AutumRoyal","7"
"AutumRoyal_37bands_295",-2.65595633541162,-2.9157485908206,"AutumRoyal","7"
"Itum5_37bands_295",-3.66035529613115,9.47259485469865,"Itum5","4"
"Crimson_37bands_295",1.22830900383815,0.185204471803355,"Crimson","6"
"Crimson_37bands_296",1.82393092787216,0.969623207879766,"Crimson","6"
"AutumRoyal_37bands_296",-2.44154675193494,-3.193395737205,"AutumRoyal","7"
"Itum5_37bands_296",-3.30731505219841,8.4277066151133,"Itum5","4"
"Crimson_37bands_297",2.39597561014206,1.67339731908405,"Crimson","6"
"AutumRoyal_37bands_297",-2.86645203888745,-2.1037319330529,"AutumRoyal","7"
"Itum5_37bands_297",-5.06975015580211,5.28025876084911,"Itum5","4"
"Crimson_37bands_298",2.49816162036818,1.39112568096684,"Crimson","6"
"Itum5_37bands_298",-5.32106276540832,4.12014558657142,"Itum5","4"
"AutumRoyal_37bands_298",-3.12927256290041,-1.90452231155728,"AutumRoyal","7"
"AutumRoyal_37bands_299",-2.80774904092551,-3.16961089905554,"AutumRoyal","7"
"Itum5_37bands_299",-4.92741408330919,5.07809642883692,"Itum5","4"
"AutumRoyal_37bands_300",-2.29304920580742,-2.9369965129322,"AutumRoyal","7"
"Itum5_37bands_300",-3.95875253307535,6.88515169405248,"Itum5","4"
"AutumRoyal_37bands_301",-1.37977843815413,-2.93650509512137,"AutumRoyal","7"
"Itum5_37bands_301",-4.72278907449427,6.30914344627104,"Itum5","4"
"AutumRoyal_37bands_302",-1.13092575370605,-3.08514765287635,"AutumRoyal","7"
"Itum5_37bands_302",-4.85098067311536,6.88583371787136,"Itum5","4"
"AutumRoyal_37bands_303",-2.7143319587346,-2.82777853277923,"AutumRoyal","7"
"Itum5_37bands_303",-4.22682299057797,6.62704082869101,"Itum5","4"
"AutumRoyal_37bands_304",-2.45903803014037,-3.16355865900008,"AutumRoyal","7"
"Itum5_37bands_304",-4.10803206346747,5.35388546880035,"Itum5","4"
"AutumRoyal_37bands_305",-3.42083299759102,-3.70719858221983,"AutumRoyal","7"
"Itum5_37bands_305",-5.10317722566116,4.98368772521762,"Itum5","4"
"AutumRoyal_37bands_306",-2.52344185529462,-2.57492912034483,"AutumRoyal","7"
"Itum5_37bands_306",-4.50058454445392,6.44921386112732,"Itum5","4"
"Crimson_37bands_401",-2.71076363841543,-1.36921340420228,"Crimson","7"
"Crimson_37bands_402",-2.18499531846111,-0.279836650234224,"Crimson","7"
"Crimson_37bands_403",-2.31165516322334,-0.855530988774184,"Crimson","7"
"Crimson_37bands_404",-2.25992250960086,0.356226855140998,"Crimson","7"
"Crimson_37bands_405",-0.73816945281377,6.91489557194288,"Crimson","8"
"Crimson_37bands_406",-1.14653218571981,4.96631742462967,"Crimson","8"
"Crimson_37bands_407",-1.49071421059719,1.90856752494252,"Crimson","8"
"Crimson_37bands_408",-2.15483675227316,0.812391332335114,"Crimson","7"
"Itum5_37bands_409",3.80542031847313,3.58225375094397,"Itum5","6"
"Crimson_37bands_409",-1.30951903192417,4.10347417216898,"Crimson","8"
"Crimson_37bands_410",-1.23472613524537,3.39433149129703,"Crimson","8"
"Itum5_37bands_410",3.79307843800822,3.29889094108974,"Itum5","6"
"Crimson_37bands_411",0.776629181536688,7.98248598214525,"Crimson","8"
"Itum5_37bands_411",3.8880980519146,0.961728673506053,"Itum5","6"
"Crimson_37bands_412",1.0512529571153,9.18223696717809,"Crimson","8"
"Itum5_37bands_412",4.10498823543349,1.18135585628438,"Itum5","6"
"Crimson_37bands_413",-2.75640748721651,-2.04687088262757,"Crimson","7"
"Itum5_37bands_413",7.72566257761624,3.89330004957356,"Itum5","6"
"Crimson_37bands_414",-1.96640101757141,1.43006794041294,"Crimson","8"
"Itum5_37bands_414",7.26642495092565,3.68503511637738,"Itum5","6"
"Crimson_37bands_415",-0.908386036122897,3.16939365459242,"Crimson","8"
"Itum5_37bands_415",6.39214159047866,1.60912415414582,"Itum5","6"
"Crimson_37bands_416",-0.576600743596599,3.17497491474928,"Crimson","8"
"Itum5_37bands_416",6.2826107335839,1.59162414023609,"Itum5","6"
"Crimson_37bands_417",-1.19458476790805,1.90384634163343,"Crimson","8"
"Itum5_37bands_417",3.59896417301059,4.35200591908709,"Itum5","6"
"Crimson_37bands_418",-1.29667528557574,2.00652493200001,"Crimson","8"
"Itum5_37bands_418",3.4903402439249,3.98229670275156,"Itum5","6"
"Crimson_37bands_419",-1.39353056845394,0.315561517117166,"Crimson","7"
"Itum5_37bands_419",3.46381023013093,2.61208579769001,"Itum5","6"
"Crimson_37bands_420",-0.891898740888767,2.48643044910124,"Crimson","8"
"Itum5_37bands_420",3.31153626246189,2.95100774905907,"Itum5","6"
"Crimson_37bands_421",-0.88441273884501,1.52556233391515,"Crimson","8"
"Itum5_37bands_421",7.18398383605771,3.07376726091512,"Itum5","6"
"Crimson_37bands_422",-0.664166247696586,1.34429291500102,"Crimson","8"
"Itum5_37bands_422",7.53112700090708,3.16239172330047,"Itum5","6"
"Crimson_37bands_423",-0.711134366173957,2.43598112482572,"Crimson","8"
"Itum5_37bands_423",6.77765861495752,4.86103430118,"Itum5","6"
"Crimson_37bands_424",-0.465147158660697,3.32756820030196,"Crimson","8"
"Itum5_37bands_424",6.87945879131516,5.26036678866218,"Itum5","6"
"Crimson_37bands_425",-0.950690405682896,5.01396351665948,"Crimson","8"
"Itum5_37bands_425",3.43526723131543,2.9306199706151,"Itum5","6"
"Itum5_37bands_426",2.93211332281912,2.74640992162379,"Itum5","6"
"Crimson_37bands_426",-0.877677185405023,4.64867493462892,"Crimson","8"
"Crimson_37bands_427",-0.442906251786403,4.51679298529931,"Crimson","8"
"Itum5_37bands_427",4.16298678094107,3.09453569468609,"Itum5","6"
"Itum5_37bands_428",4.48207187384902,3.70413757919253,"Itum5","6"
"Crimson_37bands_428",-0.727182660573888,4.62493843218476,"Crimson","8"
"Crimson_37bands_429",-0.658125453369428,3.13267717460955,"Crimson","8"
"Itum5_37bands_429",4.74715764928951,3.9997859820988,"Itum5","6"
"Crimson_37bands_430",-1.7045296527807,1.04327898282284,"Crimson","8"
"Itum5_37bands_430",5.05012991740998,4.48224876173438,"Itum5","6"
"Crimson_37bands_431",-2.14916801935489,1.10426382559578,"Crimson","7"
"Itum5_37bands_431",4.66534937329946,3.28747013588252,"Itum5","6"
"Crimson_37bands_432",-1.59733229433874,2.44087654790587,"Crimson","8"
"Itum5_37bands_432",4.55912998372561,2.25964209737122,"Itum5","6"
"Itum5_37bands_433",6.69743227570141,3.04787963620654,"Itum5","6"
"Crimson_37bands_433",0.779991232609426,7.83348208480068,"Crimson","8"
"Crimson_37bands_434",0.212168069273259,6.08229123738606,"Crimson","8"
"Itum5_37bands_434",6.71470171516447,3.02004178186278,"Itum5","6"
"Crimson_37bands_435",0.380797630650375,7.51859451580664,"Crimson","8"
"Itum5_37bands_435",7.02446092697544,5.16327622523794,"Itum5","6"
"Crimson_37bands_436",0.256399755259796,6.67702930903688,"Crimson","8"
"Itum5_37bands_436",6.85026917587414,5.29893723369352,"Itum5","6"
"Crimson_37bands_437",0.604681997516567,6.72805482361171,"Crimson","8"
"Itum5_37bands_437",7.35096583632123,5.16988671499344,"Itum5","6"
"Crimson_37bands_438",-0.715600382449077,5.04990670612357,"Crimson","8"
"Itum5_37bands_438",7.25689097523191,4.26936925533052,"Itum5","6"
"Crimson_37bands_439",-0.440579967291425,4.29544927933591,"Crimson","8"
"Itum5_37bands_439",5.31687739988543,3.80727638872082,"Itum5","6"
"Crimson_37bands_440",-0.187908447581096,4.24446721084811,"Crimson","8"
"Itum5_37bands_440",4.79990512436197,3.48837346898255,"Itum5","6"
"Crimson_37bands_441",-0.638615638146095,2.5795607623354,"Crimson","8"
"Itum5_37bands_441",6.03784092946607,5.35934414139948,"Itum5","6"
"Crimson_37bands_442",-0.79194622572115,2.37351350464617,"Crimson","8"
"Itum5_37bands_442",5.99536516545744,5.2924187669859,"Itum5","6"
"Crimson_37bands_443",1.04295797033342,5.63576277577434,"Crimson","8"
"Itum5_37bands_443",4.07749014119171,1.45271895387206,"Itum5","6"
"Crimson_37bands_444",-0.0226374036847026,3.66097452831288,"Crimson","8"
"Crimson_37bands_445",0.988790181844227,7.90881279445618,"Crimson","8"
"Itum5_37bands_445",4.0652920833073,0.113923940870833,"Itum5","6"
"Crimson_37bands_446",1.54709820531016,8.70896703376143,"Crimson","8"
"Itum5_37bands_446",3.65480751439504,0.0557803838293061,"Itum5","6"
"Crimson_37bands_447",1.94542436563809,8.23485462464555,"Crimson","8"
"Itum5_37bands_447",4.6328778709928,3.29539703170444,"Itum5","6"
"Crimson_37bands_448",0.321289260386999,4.79385053814829,"Crimson","8"
"Itum5_37bands_448",4.87632324611558,3.20640748832505,"Itum5","6"
"Crimson_37bands_449",-0.470920392958985,5.0979150485991,"Crimson","8"
"Itum5_37bands_449",5.21178515683371,2.26299530072656,"Itum5","6"
"Crimson_37bands_450",-1.06436373146194,4.00887528636143,"Crimson","8"
"Itum5_37bands_450",5.47545165396547,1.41095490401598,"Itum5","6"
"Crimson_37bands_451",-0.968469607521193,4.45802398147171,"Crimson","8"
"Itum5_37bands_451",6.28072647687761,4.58993434112432,"Itum5","6"
"Crimson_37bands_452",-0.672999239735833,4.81513259209715,"Crimson","8"
"Itum5_37bands_452",6.65507023223113,4.31476028181717,"Itum5","6"
"Crimson_37bands_453",-1.32028976202657,1.11079379664341,"Crimson","8"
"Itum5_37bands_453",3.12283587088008,2.06379899105455,"Itum5","6"
"Crimson_37bands_454",-1.44071234025672,0.967427200226369,"Crimson","7"
"Itum5_37bands_454",2.87112063835721,1.46830688277791,"Itum5","6"
"Crimson_37bands_455",1.06942328651014,6.99911149297246,"Crimson","8"
"Itum5_37bands_455",6.00245735063733,3.46538656204384,"Itum5","6"
"Crimson_37bands_456",1.2249426915909,7.32845260665815,"Crimson","8"
"Itum5_37bands_456",5.73408567159184,4.04485611319661,"Itum5","6"
"Crimson_37bands_457",-0.147064571710877,4.50242977211665,"Crimson","8"
"Itum5_37bands_457",5.47632804567302,2.93421553978635,"Itum5","6"
"Crimson_37bands_458",-0.325651962946035,4.13748542407035,"Crimson","8"
"Itum5_37bands_458",6.15679110451615,3.12417841900402,"Itum5","6"
"Crimson_37bands_459",0.426495045240051,8.04959742497773,"Crimson","8"
"Itum5_37bands_459",6.45559941266302,2.96547299178092,"Itum5","6"
"Crimson_37bands_460",-0.524233787975165,6.02378843992027,"Crimson","8"
"Itum5_37bands_460",6.29789765189711,2.90842898882174,"Itum5","6"
"Crimson_37bands_461",0.828649235616639,7.2091248886097,"Crimson","8"
"Itum5_37bands_461",3.04684750744418,2.42484814827372,"Itum5","6"
"Crimson_37bands_462",0.81615300221131,6.46395298801365,"Crimson","8"
"Itum5_37bands_462",3.10648754868059,3.13236167170098,"Itum5","6"
"Crimson_37bands_463",2.02105425160652,9.99968657056553,"Crimson","8"
"Itum5_37bands_463",5.19562969257781,0.779262160444164,"Itum5","6"
"Crimson_37bands_464",2.28018593041127,9.58371013667612,"Crimson","8"
"Itum5_37bands_464",5.01931022045496,0.883193767762246,"Itum5","6"
"Crimson_37bands_465",-0.691312121573674,4.39538821728034,"Crimson","8"
"Itum5_37bands_465",4.99191336617815,0.647833212194924,"Itum5","6"
"Crimson_37bands_466",0.510984035971708,6.7675361187555,"Crimson","8"
"Itum5_37bands_466",4.37337236918314,1.33522358754806,"Itum5","6"
"Crimson_37bands_467",1.22470090719269,6.96022423477137,"Crimson","8"
"Itum5_37bands_467",3.00092365334251,0.689291492467983,"Itum5","6"
"Crimson_37bands_468",-0.177825241445444,4.45347793870285,"Crimson","8"
"Itum5_37bands_468",3.01238022950463,0.589056260204376,"Itum5","6"
"Crimson_37bands_469",1.4096320771048,4.98114259994502,"Crimson","8"
"Itum5_37bands_469",5.49309639456946,3.3402209288957,"Itum5","6"
"Itum5_37bands_470",5.66677880326408,3.45760001503087,"Itum5","6"
"Crimson_37bands_470",1.46595151283662,4.72372728297067,"Crimson","8"
"Itum5_37bands_471",2.68126426058788,-0.452587823779918,"Itum5","6"
"Crimson_37bands_471",0.842779040266642,4.627716033392,"Crimson","8"
"Crimson_37bands_472",1.20077086831975,5.5176291261813,"Crimson","8"
"Itum5_37bands_472",2.79231137447298,0.21617459479066,"Itum5","6"
"Itum5_37bands_473",6.00715705684361,4.54130503711977,"Itum5","6"
"Crimson_37bands_473",0.0987857285973857,1.62153517389626,"Crimson","8"
"Crimson_37bands_474",0.123825552181823,1.52402439247957,"Crimson","8"
"Itum5_37bands_474",6.72701025664246,4.74577433675389,"Itum5","6"
"Crimson_37bands_475",-0.00754475510608382,5.29380341454647,"Crimson","8"
"Itum5_37bands_475",6.11553721921942,2.96872224421072,"Itum5","6"
"Crimson_37bands_476",1.88999841397817,8.05877959967214,"Crimson","8"
"Itum5_37bands_476",6.67180911352395,2.49656469871948,"Itum5","6"
"Crimson_37bands_477",-0.349384224660881,2.34244355097464,"Crimson","8"
"Itum5_37bands_477",5.42141527467624,1.03040264121698,"Itum5","6"
"Crimson_37bands_478",0.504461208401773,4.1867316740463,"Crimson","8"
"Itum5_37bands_478",5.80137891164272,0.846634780420022,"Itum5","6"
"Crimson_37bands_479",-0.484872740845496,3.59494714782571,"Crimson","8"
"Itum5_37bands_479",7.38186742626885,1.44307408666063,"Itum5","6"
"Crimson_37bands_480",-0.277463123738364,3.98515393059285,"Crimson","8"
"Itum5_37bands_480",7.18622826193413,1.14235593190328,"Itum5","6"
"Crimson_37bands_481",0.0361541166893275,2.61721289877515,"Crimson","8"
"Itum5_37bands_481",7.17190223865306,2.8989392240567,"Itum5","6"
"Crimson_37bands_482",-0.213258403236237,1.93332525585217,"Crimson","8"
"Itum5_37bands_482",6.82389530080916,2.98049372135413,"Itum5","6"
"Itum5_37bands_483",5.28499612451252,3.45895635947896,"Itum5","6"
"Crimson_37bands_483",-0.30516043532812,0.401812116031408,"Crimson","7"
"Crimson_37bands_484",-0.881551286846006,-0.0674432478538108,"Crimson","7"
"Itum5_37bands_484",4.63144494811658,3.18758524176569,"Itum5","6"
"Itum5_37bands_485",5.4229643080155,1.78082439715164,"Itum5","6"
"Crimson_37bands_485",0.52662641047447,3.67304965290479,"Crimson","8"
"Itum5_37bands_486",6.39357513648352,2.17329410507128,"Itum5","6"
"Crimson_37bands_486",0.99410072912315,5.83649604198904,"Crimson","8"
"Crimson_37bands_487",1.12172048407435,2.77163322804611,"Crimson","8"
"Itum5_37bands_487",4.56317610091694,1.26043547561809,"Itum5","6"
"Crimson_37bands_488",1.23428203677728,4.49401168214662,"Crimson","8"
"Itum5_37bands_488",4.54166634601984,1.60539750851877,"Itum5","6"
"Itum5_37bands_489",5.4600811650073,1.74209629648631,"Itum5","6"
"Crimson_37bands_489",-0.200599172855163,3.03129372804601,"Crimson","8"
"Crimson_37bands_490",0.141196794258368,3.36967851295018,"Crimson","8"
"Itum5_37bands_490",6.30410708550603,2.48547271742849,"Itum5","6"
"Crimson_37bands_491",-0.887995504853553,2.41873000193763,"Crimson","8"
"Itum5_37bands_491",7.76601896413348,1.26289397156314,"Itum5","6"
"Crimson_37bands_492",-0.269936745868749,2.13664941579574,"Crimson","8"
"Itum5_37bands_492",8.53812411610067,2.92638853305025,"Itum5","6"
"Itum5_37bands_493",5.620095261521,1.51276915608165,"Itum5","6"
"Crimson_37bands_493",1.3743045886925,7.13993635662128,"Crimson","8"
"Crimson_37bands_494",1.53026407129809,6.40680284722666,"Crimson","8"
"Itum5_37bands_494",5.83735234853621,2.22026928465741,"Itum5","6"
"Itum5_37bands_495",7.50042502458684,2.28420672433367,"Itum5","6"
"Crimson_37bands_495",0.559388303818745,3.59935030906523,"Crimson","8"
"Crimson_37bands_496",0.775187026980112,2.79523453153628,"Crimson","8"
"Itum5_37bands_496",8.05857280161419,2.5084444183163,"Itum5","6"
"Crimson_37bands_497",0.0317445035229482,2.15734259616412,"Crimson","8"
"Itum5_37bands_497",4.71081671889336,0.344214109660734,"Itum5","6"
"Crimson_37bands_498",0.247581922589824,2.43890173441761,"Crimson","8"
"Itum5_37bands_498",4.58071463660719,1.06351094907169,"Itum5","6"
"Itum5_37bands_499",4.69826890061092,3.67052604894213,"Itum5","6"
"Crimson_37bands_499",0.699704078392381,6.35799073705291,"Crimson","8"
"Crimson_37bands_500",0.2202038640564,4.82206195797979,"Crimson","8"
"Itum5_37bands_500",4.75882516242644,2.31294962049013,"Itum5","6"
"Crimson_37bands_501",0.564829631682593,4.73242202035586,"Crimson","8"
"Itum5_37bands_501",5.13396670984548,3.66271342243703,"Itum5","6"
"Crimson_37bands_502",0.245524998089817,3.60789677217688,"Crimson","8"
"Itum5_37bands_502",5.62972127014206,3.69039267694647,"Itum5","6"
"Itum5_37bands_503",7.06673482773668,2.1245026164695,"Itum5","6"
"Itum5_37bands_504",6.61518749430039,2.11852285856583,"Itum5","6"
"Itum5_37bands_505",4.58377955811684,2.54351456130861,"Itum5","6"
"Itum5_37bands_506",5.52992702751547,2.8897702096781,"Itum5","6"
"Itum5_37bands_507",5.03790335268074,2.80483856456691,"Itum5","6"
"Itum5_37bands_508",4.94755415420272,3.13028179585166,"Itum5","6"
"Itum5_37bands_509",4.61171054045877,2.86886676288121,"Itum5","6"
"Itum5_37bands_510",4.33260010125319,2.03564103693681,"Itum5","6"
"Crimson_37bands_605",-5.36820833816539,-3.59166124732283,"Crimson","5"
"Crimson_37bands_606",-5.10658935821206,-3.8569582703077,"Crimson","5"
"Crimson_37bands_607",-4.57261658783062,-1.14580812428169,"Crimson","5"
"Crimson_37bands_608",-4.64154190706625,-1.48249211631194,"Crimson","5"
"Crimson_37bands_609",-4.64799372432178,-1.50979296625137,"Crimson","5"
"Crimson_37bands_610",-4.75244780745131,-2.00978132634725,"Crimson","5"
"Crimson_37bands_611",-5.27547753647858,-1.14634871003381,"Crimson","5"
"Crimson_37bands_612",-5.13490463379059,-2.05786900684487,"Crimson","5"
"Itum5_37bands_613",5.14040576046628,-0.193736512270783,"Itum5","6"
"Crimson_37bands_613",-6.32380734689858,-4.5632149111288,"Crimson","5"
"Crimson_37bands_614",-6.31772349546181,-5.52389042830593,"Crimson","5"
"Itum5_37bands_614",5.96509503866302,-1.00082612153886,"Itum5","6"
"Itum5_37bands_615",5.84435816121715,1.7231178190904,"Itum5","6"
"Crimson_37bands_615",-5.26195861590359,-1.11844069868888,"Crimson","5"
"Crimson_37bands_616",-5.55981847267557,-0.143959761424567,"Crimson","5"
"Itum5_37bands_616",6.03652990196993,2.19380088953554,"Itum5","6"
"Itum5_37bands_617",3.24285152622348,0.582830528874163,"Itum5","6"
"Crimson_37bands_617",-5.44508659388539,-1.97376376879694,"Crimson","5"
"Itum5_37bands_618",3.54350926756613,1.31547428995374,"Itum5","6"
"Crimson_37bands_618",-5.42530986606409,-3.51364122707492,"Crimson","5"
"Itum5_37bands_619",6.95696137370429,2.0025319433459,"Itum5","6"
"Crimson_37bands_619",-4.96911036272388,-1.44668682781785,"Crimson","5"
"Itum5_37bands_620",6.94131638651673,2.44916938766115,"Itum5","6"
"Crimson_37bands_620",-4.43584199145552,-0.659759769513553,"Crimson","5"
"Itum5_37bands_621",6.15816100076597,0.636438961534357,"Itum5","6"
"Crimson_37bands_621",-5.30883299429518,-2.60852582685185,"Crimson","5"
"Itum5_37bands_622",5.75236612259294,-0.312546653225073,"Itum5","6"
"Crimson_37bands_622",-5.66221506212373,-2.79604020122719,"Crimson","5"
"Itum5_37bands_623",3.71882331006663,0.917704558247639,"Itum5","6"
"Crimson_37bands_623",-4.25135891627725,-0.804822710538235,"Crimson","5"
"Itum5_37bands_624",3.32951117953857,1.06294255102433,"Itum5","6"
"Crimson_37bands_624",-3.77089720384361,0.179577705908802,"Crimson","5"
"Itum5_37bands_625",5.84662173639991,0.654836982689314,"Itum5","6"
"Crimson_37bands_625",-5.28864722079073,-2.88645719586002,"Crimson","5"
"Itum5_37bands_626",6.11173658305229,0.520870043368096,"Itum5","6"
"Crimson_37bands_626",-6.38122804714001,-3.43157452347875,"Crimson","5"
"Crimson_37bands_627",-6.56007883666782,-2.59358062771775,"Crimson","5"
"Itum5_37bands_627",7.30043961277393,2.13108234863474,"Itum5","6"
"Crimson_37bands_628",-5.63574289099029,-1.21411102427829,"Crimson","5"
"Itum5_37bands_628",7.49311472177314,2.57035822079698,"Itum5","6"
"Itum5_37bands_629",5.2685824554759,-0.489659526493539,"Itum5","6"
"Crimson_37bands_629",-6.65537416696107,-4.01479587960543,"Crimson","5"
"Itum5_37bands_630",5.23881375014092,-0.25052017192208,"Itum5","6"
"Crimson_37bands_630",-5.854249750913,-1.88510130813676,"Crimson","5"
"Itum5_37bands_631",5.38841198643937,0.0200098555424576,"Itum5","6"
"Crimson_37bands_631",-5.47461134320787,-2.01719443347187,"Crimson","5"
"Itum5_37bands_632",5.1637267956229,0.133288287716887,"Itum5","6"
"Crimson_37bands_632",-5.62312263308912,-2.92334875369749,"Crimson","5"
"Crimson_37bands_633",-5.71606373033212,-5.19679225978173,"Crimson","5"
"Crimson_37bands_634",-5.76232986888351,-5.30230188013668,"Crimson","5"
"Itum5_37bands_634",7.01707447049379,1.22875263442523,"Itum5","6"
"Itum5_37bands_635",5.67619387831775,0.900104179239477,"Itum5","6"
"Itum5_37bands_636",5.63703934758741,0.788062259692045,"Itum5","6"
"Crimson_37bands_636",-4.69901408385944,-0.22646560256096,"Crimson","5"
"Itum5_37bands_637",7.01614582852928,1.00069486975005,"Itum5","6"
"Crimson_37bands_637",-6.07399299103433,-3.00280677197453,"Crimson","5"
"Crimson_37bands_638",-5.65264544555066,-2.46954610256143,"Crimson","5"
"Itum5_37bands_638",6.78643346247175,0.613440994623773,"Itum5","6"
"Itum5_37bands_639",4.11630550066693,1.51241851857445,"Itum5","6"
"Crimson_37bands_639",-6.24991194080143,-3.243635986785,"Crimson","5"
"Itum5_37bands_640",4.8835411320074,1.21009642754369,"Itum5","6"
"Crimson_37bands_640",-5.60892291238915,-1.02599469239427,"Crimson","5"
"Crimson_37bands_641",-5.42546729526622,-3.5320696717915,"Crimson","5"
"Itum5_37bands_642",5.42777635578055,1.35161368487437,"Itum5","6"
"Crimson_37bands_642",-5.20861337196728,-2.47288580200043,"Crimson","5"
"Itum5_37bands_643",6.0531094359932,-0.00221428810920355,"Itum5","6"
"Crimson_37bands_643",-4.13116249109135,-0.554375230039521,"Crimson","5"
"Itum5_37bands_644",6.04625879336185,-0.375253791799082,"Itum5","6"
"Crimson_37bands_644",-4.02521854691336,-0.50895770480989,"Crimson","5"
"Itum5_37bands_645",4.70730153480953,-0.2604927694569,"Itum5","6"
"Crimson_37bands_645",-4.36083090735267,-0.977832636804584,"Crimson","5"
"Itum5_37bands_646",4.9947344271608,0.0472720635989858,"Itum5","6"
"Crimson_37bands_646",-4.66865946777052,-1.60059758659141,"Crimson","5"
"Itum5_37bands_647",2.88511231717573,-0.0358620463737593,"Itum5","6"
"Crimson_37bands_647",-6.92990778490161,-4.44655571877874,"Crimson","5"
"Itum5_37bands_648",2.6199804332427,0.317773131810816,"Itum5","6"
"Crimson_37bands_648",-6.78509536450418,-4.32844066914582,"Crimson","5"
"Itum5_37bands_649",3.78798195662939,1.0314574635322,"Itum5","6"
"Crimson_37bands_649",-4.788490535362,-1.14863233840051,"Crimson","5"
"Itum5_37bands_650",4.03589992181069,1.7970119749296,"Itum5","6"
"Crimson_37bands_650",-4.49804525964309,-1.16257825225368,"Crimson","5"
"Itum5_37bands_651",3.81390631852695,0.948823172527748,"Itum5","6"
"Crimson_37bands_651",-4.17770269643219,-0.51400748650905,"Crimson","5"
"Itum5_37bands_652",3.71333895207991,0.737952760517122,"Itum5","6"
"Crimson_37bands_652",-4.49939763881021,-0.820172947449305,"Crimson","5"
"Itum5_37bands_653",4.01292778246062,1.30160818952469,"Itum5","6"
"Crimson_37bands_653",-4.66385118958618,-3.05119433759494,"Crimson","5"
"Itum5_37bands_654",3.68960776920325,0.907729894370311,"Itum5","6"
"Crimson_37bands_654",-4.59730029914492,-3.25920264017381,"Crimson","5"
"Itum5_37bands_655",4.98194488985493,0.0882039830841127,"Itum5","6"
"Crimson_37bands_655",-6.14662006684291,-2.88077788918714,"Crimson","5"
"Crimson_37bands_656",-6.2502528395324,-3.02609917830193,"Crimson","5"
"Itum5_37bands_656",4.76169953159847,0.978098941860621,"Itum5","6"
"Itum5_37bands_657",3.15110558677032,1.08395728535317,"Itum5","6"
"Crimson_37bands_657",-4.67713529665883,-0.901257077312924,"Crimson","5"
"Itum5_37bands_658",3.02513590053353,1.02512435556422,"Itum5","6"
"Crimson_37bands_658",-4.71242745020088,-0.947445652917652,"Crimson","5"
"Itum5_37bands_659",7.19692454060723,-0.113382881757376,"Itum5","6"
"Crimson_37bands_659",-4.26911436707405,-0.85325690190234,"Crimson","5"
"Crimson_37bands_660",-3.70993351345184,-0.69220737229756,"Crimson","5"
"Itum5_37bands_660",7.5799828730382,-0.0384365278307563,"Itum5","6"
"Itum5_37bands_661",3.6321058654576,-0.0408064521035736,"Itum5","6"
"Crimson_37bands_661",-6.03377533463531,-4.47313509167685,"Crimson","5"
"Crimson_37bands_662",-6.32880135125492,-3.94732284910286,"Crimson","5"
"Itum5_37bands_663",5.04909965252443,0.114196937448538,"Itum5","6"
"Crimson_37bands_663",-4.64099242126457,-1.24499774922774,"Crimson","5"
"Itum5_37bands_664",5.23821457193301,-0.365393054302196,"Itum5","6"
"Crimson_37bands_664",-4.55524590251752,0.135605397379532,"Crimson","5"
"Itum5_37bands_665",6.64648912076647,1.47440094387466,"Itum5","6"
"Crimson_37bands_665",-5.09037805903373,-2.97731654557855,"Crimson","5"
"Itum5_37bands_666",6.67597787700472,1.17372105485341,"Itum5","6"
"Crimson_37bands_666",-5.131287143079,-2.6068188728594,"Crimson","5"
"Crimson_37bands_667",-4.96162968456419,-2.90470470520444,"Crimson","5"
"Itum5_37bands_667",5.96045935392003,0.971033852037641,"Itum5","6"
"Itum5_37bands_668",6.70843013512496,0.971883933430464,"Itum5","6"
"Crimson_37bands_668",-5.16226289417046,-3.49809913850888,"Crimson","5"
"Itum5_37bands_669",5.71641703839949,2.90480926785961,"Itum5","6"
"Crimson_37bands_669",-4.44459359465105,-0.182148585221718,"Crimson","5"
"Itum5_37bands_670",6.17016486522635,2.83738889447862,"Itum5","6"
"Crimson_37bands_670",-4.77931508321663,-1.69403105298931,"Crimson","5"
"Itum5_37bands_671",0.922075953128978,-1.40846660738503,"Itum5","7"
"Crimson_37bands_671",-4.31296896261193,-1.84847936285521,"Crimson","5"
"Itum5_37bands_672",0.784206098484283,-1.62451466378958,"Itum5","7"
"Crimson_37bands_672",-3.82608390395337,-1.00860332961504,"Crimson","5"
"Itum5_37bands_673",7.97528419239299,1.58523334412976,"Itum5","6"
"Crimson_37bands_673",-4.37754849952085,-1.86966239657253,"Crimson","5"
"Itum5_37bands_674",7.82681383695001,1.2788448925728,"Itum5","6"
"Crimson_37bands_674",-4.54942562628316,-3.03299100124439,"Crimson","5"
"Itum5_37bands_675",3.2646805693004,0.973279795280943,"Itum5","6"
"Crimson_37bands_675",-5.79084524804072,-2.55012997919124,"Crimson","5"
"Crimson_37bands_676",-5.3944662756389,-0.608780753642411,"Crimson","5"
"Itum5_37bands_676",3.87946736210995,1.13765827773874,"Itum5","6"
"Crimson_37bands_677",-4.79386018877082,-2.00047380307019,"Crimson","5"
"Itum5_37bands_677",5.08051780186979,1.41607550641206,"Itum5","6"
"Itum5_37bands_678",4.83216671876679,0.0397057610886108,"Itum5","6"
"Crimson_37bands_678",-4.25660768705577,-2.80279401651508,"Crimson","5"
"Itum5_37bands_679",4.09134323447564,-0.830533032471222,"Itum5","6"
"Crimson_37bands_679",-5.35673663128922,-2.25284649112751,"Crimson","5"
"Itum5_37bands_680",3.91079319032433,-0.649450564084067,"Itum5","6"
"Crimson_37bands_680",-4.90010164604999,-1.80287706718998,"Crimson","5"
"Itum5_37bands_681",7.31858671847449,-1.63487486445632,"Itum5","6"
"Crimson_37bands_681",-5.46648888786361,-3.65239652443698,"Crimson","5"
"Itum5_37bands_682",7.12441637766248,-1.00717473674565,"Itum5","6"
"Crimson_37bands_682",-4.5124102967679,-2.46711778088601,"Crimson","5"
"Itum5_37bands_683",3.89789190150417,1.02795522195008,"Itum5","6"
"Crimson_37bands_683",-6.14176735352591,-4.13329409808842,"Crimson","5"
"Itum5_37bands_684",4.34593261761277,1.26484535270148,"Itum5","6"
"Crimson_37bands_684",-5.2965366514066,-4.03949424130124,"Crimson","5"
"Crimson_37bands_685",-5.15010949518966,-2.56137132423516,"Crimson","5"
"Itum5_37bands_685",5.71537469972806,-0.523723858048559,"Itum5","6"
"Itum5_37bands_686",6.1001196900639,-0.265956110536311,"Itum5","6"
"Crimson_37bands_686",-4.9297938868863,-3.36524098545902,"Crimson","5"
"Itum5_37bands_687",5.00449138615869,0.928167622139876,"Itum5","6"
"Crimson_37bands_687",-4.82692161294265,-1.63449177830959,"Crimson","5"
"Itum5_37bands_688",5.31813833067184,1.09761076834026,"Itum5","6"
"Crimson_37bands_688",-4.94045084432467,-2.2540518900813,"Crimson","5"
"Itum5_37bands_689",4.00172403324723,-0.225758739701875,"Itum5","6"
"Crimson_37bands_689",-5.9610517041632,-5.19450178662612,"Crimson","5"
"Crimson_37bands_690",-5.64855506228819,-4.68937712913271,"Crimson","5"
"Itum5_37bands_690",3.14245834717576,0.72547136708493,"Itum5","6"
"Itum5_37bands_691",5.86776727264501,0.0437238559870053,"Itum5","6"
"Crimson_37bands_691",-4.68931566793118,-3.61334540766184,"Crimson","5"
"Itum5_37bands_692",6.29789133755546,0.433241387225256,"Itum5","6"
"Crimson_37bands_692",-5.23087761946163,-4.58069552902157,"Crimson","5"
"Itum5_37bands_693",3.66625344130564,0.245583318596241,"Itum5","6"
"Crimson_37bands_693",-5.23032490051401,-3.89260797368633,"Crimson","5"
"Itum5_37bands_694",3.69638351126498,0.324480663065672,"Itum5","6"
"Crimson_37bands_694",-5.27019385279131,-3.1894370906887,"Crimson","5"
"Itum5_37bands_695",4.39584282807576,-1.48959279063666,"Itum5","6"
"Crimson_37bands_695",-4.76478152961978,-1.95791143661516,"Crimson","5"
"Itum5_37bands_696",4.87262771907277,-1.14353686013462,"Itum5","6"
"Crimson_37bands_696",-4.84815298920906,-1.68646362050398,"Crimson","5"
"Itum5_37bands_697",4.39099836151919,-0.705786036076393,"Itum5","6"
"Crimson_37bands_697",-5.24992773133441,-2.26243759328145,"Crimson","5"
"Crimson_37bands_698",-4.76650489733745,-2.11468098499554,"Crimson","5"
"Itum5_37bands_698",4.57578230568664,-1.12344808534272,"Itum5","6"
"Itum5_37bands_699",6.41693794845399,1.74099529468496,"Itum5","6"
"Crimson_37bands_699",-6.18505022056257,-3.90465475042392,"Crimson","5"
"Itum5_37bands_700",6.46386640226933,1.18465386908688,"Itum5","6"
"Crimson_37bands_700",-5.21599436162593,-2.92991343652813,"Crimson","5"
"Itum5_37bands_701",5.83318358659263,0.514439244636193,"Itum5","6"
"Crimson_37bands_701",-5.12014088914684,-2.51467590033621,"Crimson","5"
"Crimson_37bands_702",-4.64463062101994,-1.52504236774064,"Crimson","5"
"Itum5_37bands_702",5.48949761799068,0.537103746273855,"Itum5","6"
"Itum5_37bands_703",3.42056297720592,0.973960285686095,"Itum5","6"
"Crimson_37bands_703",-5.19183334330997,-3.16386776908521,"Crimson","5"
"Itum5_37bands_704",3.49925635012177,1.15736111781645,"Itum5","6"
"Crimson_37bands_704",-4.68824028989907,-1.68850868406555,"Crimson","5"
"Itum5_37bands_705",7.23342640091608,0.0211235666366899,"Itum5","6"
"Crimson_37bands_705",-5.18604263809674,-2.87505266894334,"Crimson","5"
"Itum5_37bands_706",7.28849010426875,-0.841486382834894,"Itum5","6"
"Crimson_37bands_706",-5.26019850533959,-3.15939629526026,"Crimson","5"
"Itum5_37bands_707",5.86305886105367,0.701300644729089,"Itum5","6"
"Itum5_37bands_708",5.90940609322316,0.659494539433,"Itum5","6"
"Itum5_37bands_709",4.91908162688225,-0.678605595826357,"Itum5","6"
"Itum5_37bands_710",4.90706899073692,-1.28605439202215,"Itum5","6"
"Itum5_37bands_711",4.9762559519132,1.11890119362636,"Itum5","6"
"Itum5_37bands_712",4.88820951358897,0.906028988333844,"Itum5","6"
"Itum5_37bands_713",7.57610858996911,2.01109121487053,"Itum5","6"
"Itum5_37bands_714",7.08513881438068,1.06617927896884,"Itum5","6"
"Itum5_37bands_817",-7.31348407041315,0.175459646001591,"Itum5","1"
"Itum5_37bands_818",-7.66047028354367,0.405001183377377,"Itum5","1"
"Itum5_37bands_819",-8.54681998588144,-0.733061508647607,"Itum5","1"
"Itum5_37bands_820",-8.64690147274338,-0.474627495162462,"Itum5","1"
"Itum5_37bands_821",-6.99301949510456,-0.0353099377877582,"Itum5","1"
"Itum5_37bands_822",-6.87670859683218,0.0478311221914618,"Itum5","1"
"Itum5_37bands_823",-7.94312596869601,-0.985269287477538,"Itum5","1"
"Itum5_37bands_824",-7.73163607469432,-0.851595088056172,"Itum5","1"
"Itum5_37bands_825",-7.35484939947909,0.255180789854478,"Itum5","1"
"Itum5_37bands_826",-7.24883691627962,0.874868648330755,"Itum5","1"
"Itum5_37bands_827",-8.61652945655927,0.212620860419094,"Itum5","1"
"Itum5_37bands_828",-8.68824443751099,0.381829956226374,"Itum5","1"
"Itum5_37bands_829",-8.15092544444482,-0.387204815978214,"Itum5","1"
"Itum5_37bands_830",-8.19463539207214,-0.659377367154246,"Itum5","1"
"Itum5_37bands_831",-6.9822431983625,-0.814646250764723,"Itum5","1"
"Itum5_37bands_832",-6.92664089988806,-0.406607708308422,"Itum5","1"
"Itum5_37bands_833",-7.85376313003958,0.291701239429033,"Itum5","1"
"Itum5_37bands_834",-7.90032846076669,0.320787291301788,"Itum5","1"
"Itum5_37bands_835",-7.82391257673124,0.197222408517351,"Itum5","1"
"Itum5_37bands_836",-8.02101999832583,0.297047540882847,"Itum5","1"
"Itum5_37bands_837",-8.11174658722051,-0.545600832756612,"Itum5","1"
"Itum5_37bands_838",-8.02137948008076,-0.164735855171341,"Itum5","1"
"Itum5_37bands_839",-7.2067494206958,-0.32704686834269,"Itum5","1"
"Itum5_37bands_840",-7.29794811051939,-0.97923085427352,"Itum5","1"
"Itum5_37bands_841",-7.89332629171444,-1.61920714939253,"Itum5","1"
"Itum5_37bands_842",-8.04935523984808,-1.47997466867791,"Itum5","1"
"Itum5_37bands_843",-7.05610950259788,-0.771136029787403,"Itum5","1"
"Itum5_37bands_844",-7.02930963825659,-1.2000107115576,"Itum5","1"
"Itum5_37bands_845",-6.79829372745994,0.539501656959654,"Itum5","1"
"Itum5_37bands_846",-7.27535360685571,0.195737142931847,"Itum5","1"
"Itum5_37bands_847",-8.53728467366979,-0.665514999808338,"Itum5","1"
"Itum5_37bands_848",-8.9156916814608,-0.736321101448937,"Itum5","1"
"Itum5_37bands_849",-6.52902423546351,0.999704443820223,"Itum5","1"
"Itum5_37bands_850",-6.43149988749919,1.000011822941,"Itum5","1"
"Itum5_37bands_851",-7.96314337638749,0.151122391536167,"Itum5","1"
"Itum5_37bands_852",-7.76723292254825,0.324629713080057,"Itum5","1"
"Itum5_37bands_853",-8.07344960916036,0.146662730989904,"Itum5","1"
"Itum5_37bands_854",-7.53491154127583,0.293029457687312,"Itum5","1"
"Itum5_37bands_855",-7.94669049891601,0.116924885446201,"Itum5","1"
"Itum5_37bands_856",-7.90472381707044,0.629517139986006,"Itum5","1"
"Itum5_37bands_857",-8.87313816591172,-0.259590431343433,"Itum5","1"
"Itum5_37bands_858",-8.47665734924087,-0.516765356536602,"Itum5","1"
"Itum5_37bands_859",-6.34068228553113,-1.03854860629807,"Itum5","1"
"Itum5_37bands_860",-6.293204923689,-0.888919286004282,"Itum5","1"
"Itum5_37bands_861",-7.95310044968803,-2.08563564112036,"Itum5","1"
"Itum5_37bands_862",-8.13590531793381,-1.76430868744139,"Itum5","1"
"Itum5_37bands_863",-7.10690127136993,-0.407778746688316,"Itum5","1"
"Itum5_37bands_864",-7.33655881509232,-0.783349762467693,"Itum5","1"
"Itum5_37bands_865",-6.63109173154571,-0.0266632220503244,"Itum5","1"
"Itum5_37bands_866",-6.79603767834179,-0.211011052849973,"Itum5","1"
"Itum5_37bands_867",-6.35282090531691,0.512305432033262,"Itum5","1"
"Itum5_37bands_868",-6.03368800990977,0.575000485434442,"Itum5","1"
"Itum5_37bands_869",-7.47104675639025,-0.170480515420261,"Itum5","1"
"Itum5_37bands_870",-7.52194183385394,-0.684500411189868,"Itum5","1"
"Itum5_37bands_871",-6.46182366275999,-0.191500593694618,"Itum5","1"
"Itum5_37bands_872",-6.3025065859186,-0.0793569788945671,"Itum5","1"
"Itum5_37bands_873",-7.72338785325483,-0.36561220284004,"Itum5","1"
"Itum5_37bands_874",-7.52716312196831,0.00431205403263596,"Itum5","1"
"Itum5_37bands_875",-7.05183238547613,0.387769147815011,"Itum5","1"
"Itum5_37bands_876",-7.23193974534832,0.0416499577659328,"Itum5","1"
"Itum5_37bands_877",-7.24098169166475,-1.49519699935907,"Itum5","1"
"Itum5_37bands_878",-7.2771599943871,-1.38958045508064,"Itum5","1"
"Itum5_37bands_879",-7.81542868791289,-0.974280800752132,"Itum5","1"
"Itum5_37bands_881",-7.4503827331129,-1.13982569955547,"Itum5","1"
"Itum5_37bands_882",-6.91046944941505,-0.696232633248698,"Itum5","1"
"Itum5_37bands_883",-8.56010973716086,0.961944235655353,"Itum5","1"
"Itum5_37bands_884",-8.23124369637999,-0.351894571950896,"Itum5","1"
"Itum5_37bands_885",-5.83866382411086,-0.114482427626834,"Itum5","1"
"Itum5_37bands_886",-5.38192651038266,0.444523686771996,"Itum5","1"
"Itum5_37bands_887",-8.51317452446694,-0.0395810845271009,"Itum5","1"
"Itum5_37bands_888",-8.39637591544028,0.0189419165428934,"Itum5","1"
"Itum5_37bands_889",-7.22029662222885,0.160360114209769,"Itum5","1"
"Itum5_37bands_890",-7.23065707245495,0.135804681750502,"Itum5","1"
"Itum5_37bands_891",-8.74039809546688,-0.721540139044683,"Itum5","1"
"Itum5_37bands_892",-8.76102901189142,-0.168695114812962,"Itum5","1"
"Itum5_37bands_893",-6.98288428434842,-0.195136754803491,"Itum5","1"
"Itum5_37bands_894",-6.75748013419934,0.115294494849323,"Itum5","1"
"Itum5_37bands_895",-7.0759474793377,0.603506952552022,"Itum5","1"
"Itum5_37bands_896",-7.29606539870601,0.524856404423634,"Itum5","1"
"Itum5_37bands_897",-7.20920639138923,0.217313057030128,"Itum5","1"
"Itum5_37bands_898",-7.35468644023721,-0.243781085981465,"Itum5","1"
"Itum5_37bands_899",-7.31472730009316,0.0111848583477505,"Itum5","1"
"Itum5_37bands_900",-7.00870435043858,0.378185561191548,"Itum5","1"
"Itum5_37bands_901",-7.77123168129776,0.710485084414192,"Itum5","1"
"Itum5_37bands_902",-7.68419646399118,0.264262778729773,"Itum5","1"
"Itum5_37bands_903",-6.97567523202063,0.00627431614696815,"Itum5","1"
"Itum5_37bands_904",-6.68825891934229,-0.050391751900775,"Itum5","1"
"Itum5_37bands_905",-6.08584531668483,0.126863757543764,"Itum5","1"
"Itum5_37bands_906",-5.89994508716831,0.204350846470164,"Itum5","1"
"Itum5_37bands_907",-7.88487005800524,0.237054008616422,"Itum5","1"
"Itum5_37bands_908",-7.69426625048232,0.0925921016736773,"Itum5","1"
"Itum5_37bands_909",-7.32915981749038,0.595912475264385,"Itum5","1"
"Itum5_37bands_910",-7.25904392274662,0.663387173558173,"Itum5","1"
"Itum5_37bands_911",-6.72780818798125,0.680928751248189,"Itum5","1"
"Itum5_37bands_912",-6.75388040557892,0.496086716721924,"Itum5","1"
"Itum5_37bands_913",-6.40706969269207,1.29667407813584,"Itum5","1"
"Itum5_37bands_914",-6.56995866090631,0.965005942407843,"Itum5","1"
"Itum5_37bands_915",-7.82404772117015,-0.37901289400052,"Itum5","1"
"Itum5_37bands_916",-7.55719778237378,-0.408976610407191,"Itum5","1"
"Itum5_37bands_917",-7.49728808586087,0.466484527614729,"Itum5","1"
"Itum5_37bands_918",-7.8010342136929,0.364604239462946,"Itum5","1"
